capture_id,site,col,row,u,v,status,distance_m,pred_disp,in_metric_range
site-a-try-03,site-a,0,0,3.6875,3.6875,pole_excluded,,,0
site-a-try-03,site-a,1,0,12.0625,3.6875,pole_excluded,,,0
site-a-try-03,site-a,2,0,20.4375,3.6875,pole_excluded,,,0
site-a-try-03,site-a,3,0,28.8125,3.6875,pole_excluded,,,0
site-a-try-03,site-a,4,0,37.1875,3.6875,pole_excluded,,,0
site-a-try-03,site-a,5,0,45.5625,3.6875,pole_excluded,,,0
site-a-try-03,site-a,6,0,53.9375,3.6875,pole_excluded,,,0
site-a-try-03,site-a,7,0,62.3125,3.6875,pole_excluded,,,0
site-a-try-03,site-a,8,0,70.6875,3.6875,pole_excluded,,,0
site-a-try-03,site-a,9,0,79.0625,3.6875,pole_excluded,,,0
site-a-try-03,site-a,10,0,87.4375,3.6875,pole_excluded,,,0
site-a-try-03,site-a,11,0,95.8125,3.6875,pole_excluded,,,0
site-a-try-03,site-a,12,0,104.1875,3.6875,pole_excluded,,,0
site-a-try-03,site-a,13,0,112.5625,3.6875,pole_excluded,,,0
site-a-try-03,site-a,14,0,120.9375,3.6875,pole_excluded,,,0
site-a-try-03,site-a,15,0,129.3125,3.6875,pole_excluded,,,0
site-a-try-03,site-a,0,1,3.6875,12.0625,no_hit,,,0
site-a-try-03,site-a,1,1,12.0625,12.0625,no_hit,,,0
site-a-try-03,site-a,2,1,20.4375,12.0625,no_hit,,,0
site-a-try-03,site-a,3,1,28.8125,12.0625,hit,54.099919234,56.603802681,0
site-a-try-03,site-a,4,1,37.1875,12.0625,hit,49.0453471892,58.1222216487,0
site-a-try-03,site-a,5,1,45.5625,12.0625,hit,29.4702671263,58.8218193054,0
site-a-try-03,site-a,6,1,53.9375,12.0625,hit,27.5566629638,57.0657928586,0
site-a-try-03,site-a,7,1,62.3125,12.0625,hit,11.2447479395,118.613708258,1
site-a-try-03,site-a,8,1,70.6875,12.0625,hit,18.064246319,117.795961261,1
site-a-try-03,site-a,9,1,79.0625,12.0625,hit,11.0505894319,114.662523389,1
site-a-try-03,site-a,10,1,87.4375,12.0625,hit,15.5108351358,104.809562564,1
site-a-try-03,site-a,11,1,95.8125,12.0625,hit,22.6346432723,69.567840457,0
site-a-try-03,site-a,12,1,104.1875,12.0625,hit,16.598889686,78.6556897163,1
site-a-try-03,site-a,13,1,112.5625,12.0625,hit,23.5270986231,76.4154522419,0
site-a-try-03,site-a,14,1,120.9375,12.0625,hit,23.9379951956,73.279030323,0
site-a-try-03,site-a,15,1,129.3125,12.0625,no_hit,,,0
site-a-try-03,site-a,0,2,3.6875,20.4375,no_hit,,,0
site-a-try-03,site-a,1,2,12.0625,20.4375,no_hit,,,0
site-a-try-03,site-a,2,2,20.4375,20.4375,no_hit,,,0
site-a-try-03,site-a,3,2,28.8125,20.4375,hit,36.436518368,72.7856775522,0
site-a-try-03,site-a,4,2,37.1875,20.4375,hit,32.4106050754,72.2947969437,0
site-a-try-03,site-a,5,2,45.5625,20.4375,hit,19.6512217257,73.2683491707,1
site-a-try-03,site-a,6,2,53.9375,20.4375,hit,18.4439282367,69.6100801229,1
site-a-try-03,site-a,7,2,62.3125,20.4375,hit,7.49320850138,147.65722084,1
site-a-try-03,site-a,8,2,70.6875,20.4375,hit,12.0134630448,149.306709051,1
site-a-try-03,site-a,9,2,79.0625,20.4375,hit,7.38337732427,146.527718067,1
site-a-try-03,site-a,10,2,87.4375,20.4375,hit,10.3446892257,133.081759453,1
site-a-try-03,site-a,11,2,95.8125,20.4375,hit,15.1803188735,87.5545445681,1
site-a-try-03,site-a,12,2,104.1875,20.4375,hit,11.0755269688,101.711325407,1
site-a-try-03,site-a,13,2,112.5625,20.4375,hit,15.7643299465,97.4119464159,1
site-a-try-03,site-a,14,2,120.9375,20.4375,hit,16.0454727102,91.4048130512,1
site-a-try-03,site-a,15,2,129.3125,20.4375,no_hit,,,0
site-a-try-03,site-a,0,3,3.6875,28.8125,no_hit,,,0
site-a-try-03,site-a,1,3,12.0625,28.8125,no_hit,,,0
site-a-try-03,site-a,2,3,20.4375,28.8125,no_hit,,,0
site-a-try-03,site-a,3,3,28.8125,28.8125,hit,30.8898320372,80.9497448206,0
site-a-try-03,site-a,4,3,37.1875,28.8125,hit,27.4697186122,80.0314588547,0
site-a-try-03,site-a,5,3,45.5625,28.8125,hit,16.7034506466,81.2301065922,1
site-a-try-03,site-a,6,3,53.9375,28.8125,hit,15.6383326333,77.697568655,1
site-a-try-03,site-a,7,3,62.3125,28.8125,hit,6.37056387935,157.121170521,1
site-a-try-03,site-a,8,3,70.6875,28.8125,hit,10.1846026566,159.693860292,1
site-a-try-03,site-a,9,3,79.0625,28.8125,hit,6.2592321414,156.602731228,1
site-a-try-03,site-a,10,3,87.4375,28.8125,hit,8.78895557504,141.014350176,1
site-a-try-03,site-a,11,3,95.8125,28.8125,hit,12.8536386606,100.099393129,1
site-a-try-03,site-a,12,3,104.1875,28.8125,hit,9.34318290239,112.341935039,1
site-a-try-03,site-a,13,3,112.5625,28.8125,hit,13.3740199943,107.506581306,1
site-a-try-03,site-a,14,3,120.9375,28.8125,hit,13.6023219563,100.813092709,1
site-a-try-03,site-a,15,3,129.3125,28.8125,no_hit,,,0
site-a-try-03,site-a,0,4,3.6875,37.1875,hit,20.9984464774,43.3837065697,0
site-a-try-03,site-a,1,4,12.0625,37.1875,hit,22.2388600048,38.9814744592,0
site-a-try-03,site-a,2,4,20.4375,37.1875,hit,28.5694161618,29.6648718119,0
site-a-try-03,site-a,3,4,28.8125,37.1875,hit,30.8152626911,72.572296381,0
site-a-try-03,site-a,4,4,37.1875,37.1875,hit,27.6687368907,81.6943359375,0
site-a-try-03,site-a,5,4,45.5625,37.1875,hit,16.9306576025,84.0588616133,1
site-a-try-03,site-a,6,4,53.9375,37.1875,hit,15.6529157277,80.2244182825,1
site-a-try-03,site-a,7,4,62.3125,37.1875,hit,6.38605147815,155.683891296,1
site-a-try-03,site-a,8,4,70.6875,37.1875,hit,10.2053597158,159.583617449,1
site-a-try-03,site-a,9,4,79.0625,37.1875,hit,6.25311693679,157.065893173,1
site-a-try-03,site-a,10,4,87.4375,37.1875,hit,8.81963328766,140.132252455,1
site-a-try-03,site-a,11,4,95.8125,37.1875,hit,12.8414188136,102.481690884,1
site-a-try-03,site-a,12,4,104.1875,37.1875,hit,9.29310601082,116.107666612,1
site-a-try-03,site-a,13,4,112.5625,37.1875,hit,13.3197859442,111.989703536,1
site-a-try-03,site-a,14,4,120.9375,37.1875,hit,13.6022150221,104.275489926,1
site-a-try-03,site-a,15,4,129.3125,37.1875,hit,22.7775628285,44.8471428156,0
site-a-try-03,site-a,0,5,3.6875,45.5625,hit,21.2671314018,67.5347537994,0
site-a-try-03,site-a,1,5,12.0625,45.5625,hit,15.5462234892,62.4241265655,1
site-a-try-03,site-a,2,5,20.4375,45.5625,hit,14.7685291159,57.0291808248,1
site-a-try-03,site-a,3,5,28.8125,45.5625,hit,17.9405595428,77.3096193075,1
site-a-try-03,site-a,4,5,37.1875,45.5625,hit,21.0271894629,78.6773484945,0
site-a-try-03,site-a,5,5,45.5625,45.5625,hit,17.7752261004,81.7148673534,1
site-a-try-03,site-a,6,5,53.9375,45.5625,hit,18.628726399,78.0463373661,1
site-a-try-03,site-a,7,5,62.3125,45.5625,hit,7.55454580479,144.639630556,1
site-a-try-03,site-a,8,5,70.6875,45.5625,hit,12.1011906257,149.535568476,1
site-a-try-03,site-a,9,5,79.0625,45.5625,hit,7.35182452371,147.330236673,1
site-a-try-03,site-a,10,5,87.4375,45.5625,hit,10.4317736619,130.117395401,1
site-a-try-03,site-a,11,5,95.8125,45.5625,hit,15.1732381848,102.380663514,1
site-a-try-03,site-a,12,5,104.1875,45.5625,hit,10.9383174438,112.598069191,1
site-a-try-03,site-a,13,5,112.5625,45.5625,hit,15.5224284035,108.989416122,1
site-a-try-03,site-a,14,5,120.9375,45.5625,hit,15.9850933326,99.054582119,1
site-a-try-03,site-a,15,5,129.3125,45.5625,hit,20.833161235,68.6820764542,0
site-a-try-03,site-a,0,6,3.6875,53.9375,hit,14.1441998678,95.064131856,1
site-a-try-03,site-a,1,6,12.0625,53.9375,hit,14.0630694786,93.3734935522,1
site-a-try-03,site-a,2,6,20.4375,53.9375,hit,14.1836354168,92.9801131487,1
site-a-try-03,site-a,3,6,28.8125,53.9375,hit,14.1869520753,91.51526618,1
site-a-try-03,site-a,4,6,37.1875,53.9375,hit,14.1112711594,92.5589735508,1
site-a-try-03,site-a,5,6,45.5625,53.9375,hit,14.0850767004,93.3715983629,1
site-a-try-03,site-a,6,6,53.9375,53.9375,hit,13.8825519703,97.9542907476,1
site-a-try-03,site-a,7,6,62.3125,53.9375,hit,11.2133201481,121.647277236,1
site-a-try-03,site-a,8,6,70.6875,53.9375,hit,13.568054224,126.920044661,1
site-a-try-03,site-a,9,6,79.0625,53.9375,hit,10.9981605893,124.36006093,1
site-a-try-03,site-a,10,6,87.4375,53.9375,hit,13.6660827547,112.309420705,1
site-a-try-03,site-a,11,6,95.8125,53.9375,hit,13.7254665231,111.002465248,1
site-a-try-03,site-a,12,6,104.1875,53.9375,hit,13.7384952117,111.208205223,1
site-a-try-03,site-a,13,6,112.5625,53.9375,hit,13.838697218,109.946904302,1
site-a-try-03,site-a,14,6,120.9375,53.9375,hit,14.0099786582,104.432285905,1
site-a-try-03,site-a,15,6,129.3125,53.9375,hit,14.1635154787,97.3262740374,1
site-a-try-03,site-a,0,7,3.6875,62.3125,hit,11.8994280269,111.384574533,1
site-a-try-03,site-a,1,7,12.0625,62.3125,hit,11.9040490707,110.08276844,1
site-a-try-03,site-a,2,7,20.4375,62.3125,hit,11.9083719013,110.983200669,1
site-a-try-03,site-a,3,7,28.8125,62.3125,hit,11.9118075427,112.177933455,1
site-a-try-03,site-a,4,7,37.1875,62.3125,hit,11.9137482959,113.4828825,1
site-a-try-03,site-a,5,7,45.5625,62.3125,hit,11.9138680364,114.737200737,1
site-a-try-03,site-a,6,7,53.9375,62.3125,hit,11.9121705463,115.520551205,1
site-a-try-03,site-a,7,7,62.3125,62.3125,hit,11.9089728714,116.338513374,1
site-a-try-03,site-a,8,7,70.6875,62.3125,hit,11.9047517082,116.976670146,1
site-a-try-03,site-a,9,7,79.0625,62.3125,hit,11.9001366877,116.636391759,1
site-a-try-03,site-a,10,7,87.4375,62.3125,hit,11.8957717085,117.586117864,1
site-a-try-03,site-a,11,7,95.8125,62.3125,hit,11.892437708,117.418451667,1
site-a-try-03,site-a,12,7,104.1875,62.3125,hit,11.8905376419,117.092486143,1
site-a-try-03,site-a,13,7,112.5625,62.3125,hit,11.8903711911,116.192242622,1
site-a-try-03,site-a,14,7,120.9375,62.3125,hit,11.8963259926,114.717982888,1
site-a-try-03,site-a,15,7,129.3125,62.3125,hit,11.8951880557,112.947019815,1
site-a-try-04,site-a,0,0,3.6875,3.6875,pole_excluded,,,0
site-a-try-04,site-a,1,0,12.0625,3.6875,pole_excluded,,,0
site-a-try-04,site-a,2,0,20.4375,3.6875,pole_excluded,,,0
site-a-try-04,site-a,3,0,28.8125,3.6875,pole_excluded,,,0
site-a-try-04,site-a,4,0,37.1875,3.6875,pole_excluded,,,0
site-a-try-04,site-a,5,0,45.5625,3.6875,pole_excluded,,,0
site-a-try-04,site-a,6,0,53.9375,3.6875,pole_excluded,,,0
site-a-try-04,site-a,7,0,62.3125,3.6875,pole_excluded,,,0
site-a-try-04,site-a,8,0,70.6875,3.6875,pole_excluded,,,0
site-a-try-04,site-a,9,0,79.0625,3.6875,pole_excluded,,,0
site-a-try-04,site-a,10,0,87.4375,3.6875,pole_excluded,,,0
site-a-try-04,site-a,11,0,95.8125,3.6875,pole_excluded,,,0
site-a-try-04,site-a,12,0,104.1875,3.6875,pole_excluded,,,0
site-a-try-04,site-a,13,0,112.5625,3.6875,pole_excluded,,,0
site-a-try-04,site-a,14,0,120.9375,3.6875,pole_excluded,,,0
site-a-try-04,site-a,15,0,129.3125,3.6875,pole_excluded,,,0
site-a-try-04,site-a,0,1,3.6875,12.0625,no_hit,,,0
site-a-try-04,site-a,1,1,12.0625,12.0625,no_hit,,,0
site-a-try-04,site-a,2,1,20.4375,12.0625,no_hit,,,0
site-a-try-04,site-a,3,1,28.8125,12.0625,hit,34.7792316576,62.2445610166,0
site-a-try-04,site-a,4,1,37.1875,12.0625,hit,36.707217097,61.0728112459,0
site-a-try-04,site-a,5,1,45.5625,12.0625,hit,29.6248221437,60.9403447509,0
site-a-try-04,site-a,6,1,53.9375,12.0625,hit,19.4835913337,70.0616859198,1
site-a-try-04,site-a,7,1,62.3125,12.0625,hit,12.8266157998,114.528177261,1
site-a-try-04,site-a,8,1,70.6875,12.0625,hit,11.9280813691,122.675127029,1
site-a-try-04,site-a,9,1,79.0625,12.0625,no_hit,,,0
site-a-try-04,site-a,10,1,87.4375,12.0625,hit,16.2004449294,79.1516741514,1
site-a-try-04,site-a,11,1,95.8125,12.0625,hit,19.0693961771,65.439776063,1
site-a-try-04,site-a,12,1,104.1875,12.0625,hit,41.4096196086,59.3720855713,0
site-a-try-04,site-a,13,1,112.5625,12.0625,hit,41.0431712464,57.0815538764,0
site-a-try-04,site-a,14,1,120.9375,12.0625,no_hit,,,0
site-a-try-04,site-a,15,1,129.3125,12.0625,no_hit,,,0
site-a-try-04,site-a,0,2,3.6875,20.4375,no_hit,,,0
site-a-try-04,site-a,1,2,12.0625,20.4375,no_hit,,,0
site-a-try-04,site-a,2,2,20.4375,20.4375,no_hit,,,0
site-a-try-04,site-a,3,2,28.8125,20.4375,hit,23.1807491018,80.9781934023,0
site-a-try-04,site-a,4,2,37.1875,20.4375,hit,24.433695792,79.1340719461,0
site-a-try-04,site-a,5,2,45.5625,20.4375,hit,19.75518774,79.5699068308,1
site-a-try-04,site-a,6,2,53.9375,20.4375,hit,12.9722224292,112.587086797,1
site-a-try-04,site-a,7,2,62.3125,20.4375,hit,8.57007418109,137.757483721,1
site-a-try-04,site-a,8,2,70.6875,20.4375,hit,7.97284916369,148.031488657,1
site-a-try-04,site-a,9,2,79.0625,20.4375,hit,77.9622487269,38.9982239008,0
site-a-try-04,site-a,10,2,87.4375,20.4375,hit,10.7349650426,98.9965535402,1
site-a-try-04,site-a,11,2,95.8125,20.4375,hit,12.6745445019,94.09851408,1
site-a-try-04,site-a,12,2,104.1875,20.4375,hit,28.1636346708,76.4675319195,0
site-a-try-04,site-a,13,2,112.5625,20.4375,hit,27.4445559126,72.9206143618,0
site-a-try-04,site-a,14,2,120.9375,20.4375,no_hit,,,0
site-a-try-04,site-a,15,2,129.3125,20.4375,no_hit,,,0
site-a-try-04,site-a,0,3,3.6875,28.8125,no_hit,,,0
site-a-try-04,site-a,1,3,12.0625,28.8125,no_hit,,,0
site-a-try-04,site-a,2,3,20.4375,28.8125,no_hit,,,0
site-a-try-04,site-a,3,3,28.8125,28.8125,hit,19.6270832483,88.7035698891,1
site-a-try-04,site-a,4,3,37.1875,28.8125,hit,20.6704847422,88.4603602886,0
site-a-try-04,site-a,5,3,45.5625,28.8125,hit,16.7078096006,88.9477998018,1
site-a-try-04,site-a,6,3,53.9375,28.8125,hit,10.9951767836,120.201216102,1
site-a-try-04,site-a,7,3,62.3125,28.8125,hit,7.31305472881,146.331655025,1
site-a-try-04,site-a,8,3,70.6875,28.8125,hit,6.79685314124,157.447901487,1
site-a-try-04,site-a,9,3,79.0625,28.8125,hit,66.1529693456,48.2446516156,0
site-a-try-04,site-a,10,3,87.4375,28.8125,hit,9.245064755,107.134798646,1
site-a-try-04,site-a,11,3,95.8125,28.8125,hit,10.7496611199,102.508900762,1
site-a-try-04,site-a,12,3,104.1875,28.8125,hit,23.9079312843,85.7593040466,0
site-a-try-04,site-a,13,3,112.5625,28.8125,hit,23.289913035,82.5382958651,0
site-a-try-04,site-a,14,3,120.9375,28.8125,no_hit,,,0
site-a-try-04,site-a,15,3,129.3125,28.8125,no_hit,,,0
site-a-try-04,site-a,0,4,3.6875,37.1875,hit,21.1600038619,51.6875500083,0
site-a-try-04,site-a,1,4,12.0625,37.1875,hit,21.3615103959,53.2168519497,0
site-a-try-04,site-a,2,4,20.4375,37.1875,hit,25.1731625831,51.7710054517,0
site-a-try-04,site-a,3,4,28.8125,37.1875,hit,19.6273980526,89.8906236887,1
site-a-try-04,site-a,4,4,37.1875,37.1875,hit,20.6707347853,90.6194205284,0
site-a-try-04,site-a,5,4,45.5625,37.1875,hit,16.7917264862,91.2709480524,1
site-a-try-04,site-a,6,4,53.9375,37.1875,hit,11.0367571748,120.63710165,1
site-a-try-04,site-a,7,4,62.3125,37.1875,hit,7.35455150412,146.642341137,1
site-a-try-04,site-a,8,4,70.6875,37.1875,hit,6.82879831315,156.702089787,1
site-a-try-04,site-a,9,4,79.0625,37.1875,hit,32.9265415718,54.2389491796,0
site-a-try-04,site-a,10,4,87.4375,37.1875,hit,9.22030645248,107.235652089,1
site-a-try-04,site-a,11,4,95.8125,37.1875,hit,10.7977196938,103.68056035,1
site-a-try-04,site-a,12,4,104.1875,37.1875,hit,23.8827309244,89.067886591,0
site-a-try-04,site-a,13,4,112.5625,37.1875,hit,23.0775090927,86.0924719572,0
site-a-try-04,site-a,14,4,120.9375,37.1875,hit,36.3657958887,48.6144461036,0
site-a-try-04,site-a,15,4,129.3125,37.1875,hit,24.7831240042,52.3062283993,0
site-a-try-04,site-a,0,5,3.6875,45.5625,hit,14.7218698163,66.2617826462,1
site-a-try-04,site-a,1,5,12.0625,45.5625,hit,14.7882679778,67.7733197212,1
site-a-try-04,site-a,2,5,20.4375,45.5625,hit,21.5135831825,62.9487604499,0
site-a-try-04,site-a,3,5,28.8125,45.5625,hit,21.119441693,83.2925560474,0
site-a-try-04,site-a,4,5,37.1875,45.5625,hit,17.9423278197,87.8610413074,1
site-a-try-04,site-a,5,5,45.5625,45.5625,hit,17.9547013111,88.94333148,1
site-a-try-04,site-a,6,5,53.9375,45.5625,hit,12.9998327236,113.177874804,1
site-a-try-04,site-a,7,5,62.3125,45.5625,hit,8.58276323436,137.70896244,1
site-a-try-04,site-a,8,5,70.6875,45.5625,hit,8.074213184,146.580452204,1
site-a-try-04,site-a,9,5,79.0625,45.5625,hit,19.9678296772,68.9464923143,1
site-a-try-04,site-a,10,5,87.4375,45.5625,hit,10.7919614666,100.57482481,1
site-a-try-04,site-a,11,5,95.8125,45.5625,hit,12.6970050771,98.1560477018,1
site-a-try-04,site-a,12,5,104.1875,45.5625,hit,20.6728419648,84.9101734161,0
site-a-try-04,site-a,13,5,112.5625,45.5625,hit,20.9601948199,83.8179833889,0
site-a-try-04,site-a,14,5,120.9375,45.5625,hit,21.1947309942,66.8900498152,0
site-a-try-04,site-a,15,5,129.3125,45.5625,hit,14.7528570397,71.4027154446,1
site-a-try-04,site-a,0,6,3.6875,53.9375,hit,10.7822916123,91.4988207817,1
site-a-try-04,site-a,1,6,12.0625,53.9375,hit,11.0495832874,90.8739769459,1
site-a-try-04,site-a,2,6,20.4375,53.9375,hit,14.2624432211,90.499514699,1
site-a-try-04,site-a,3,6,28.8125,53.9375,hit,14.2028983173,91.6893808842,1
site-a-try-04,site-a,4,6,37.1875,53.9375,hit,14.1098236883,93.7681901455,1
site-a-try-04,site-a,5,6,45.5625,53.9375,hit,14.0013510986,95.4633568525,1
site-a-try-04,site-a,6,6,53.9375,53.9375,hit,13.8702387033,97.9393517971,1
site-a-try-04,site-a,7,6,62.3125,53.9375,hit,11.5184168894,115.382274151,1
site-a-try-04,site-a,8,6,70.6875,53.9375,hit,9.82154403236,124.642533302,1
site-a-try-04,site-a,9,6,79.0625,53.9375,hit,13.6426461584,93.3606722355,1
site-a-try-04,site-a,10,6,87.4375,53.9375,hit,13.6776157948,93.8849918842,1
site-a-try-04,site-a,11,6,95.8125,53.9375,hit,14.0489036101,93.6310670376,1
site-a-try-04,site-a,12,6,104.1875,53.9375,hit,14.064224757,93.8046364784,1
site-a-try-04,site-a,13,6,112.5625,53.9375,hit,14.0607951159,93.410490036,1
site-a-try-04,site-a,14,6,120.9375,53.9375,hit,14.1611402053,92.5293734074,1
site-a-try-04,site-a,15,6,129.3125,53.9375,hit,13.4392809761,91.7025005817,1
site-a-try-04,site-a,0,7,3.6875,62.3125,hit,12.0656245314,104.375540614,1
site-a-try-04,site-a,1,7,12.0625,62.3125,hit,12.0499516755,104.143031955,1
site-a-try-04,site-a,2,7,20.4375,62.3125,hit,12.0273781418,103.980535388,1
site-a-try-04,site-a,3,7,28.8125,62.3125,hit,12.011956083,104.35531354,1
site-a-try-04,site-a,4,7,37.1875,62.3125,hit,11.9953666953,105.363588929,1
site-a-try-04,site-a,5,7,45.5625,62.3125,hit,11.9839406144,106.895122409,1
site-a-try-04,site-a,6,7,53.9375,62.3125,hit,11.9792721256,108.638565421,1
site-a-try-04,site-a,7,7,62.3125,62.3125,hit,11.9820947477,109.344712615,1
site-a-try-04,site-a,8,7,70.6875,62.3125,hit,11.9919905451,109.335294724,1
site-a-try-04,site-a,9,7,79.0625,62.3125,hit,11.9880073759,108.924805284,1
site-a-try-04,site-a,10,7,87.4375,62.3125,hit,11.9740975275,107.477704525,1
site-a-try-04,site-a,11,7,95.8125,62.3125,hit,11.9738716074,106.097184777,1
site-a-try-04,site-a,12,7,104.1875,62.3125,hit,11.987441798,105.721639633,1
site-a-try-04,site-a,13,7,112.5625,62.3125,hit,12.0127603864,105.360240102,1
site-a-try-04,site-a,14,7,120.9375,62.3125,hit,12.0460875121,105.127700329,1
site-a-try-04,site-a,15,7,129.3125,62.3125,hit,12.0756453387,104.735003114,1
site-a-try-05,site-a,0,0,3.6875,3.6875,pole_excluded,,,0
site-a-try-05,site-a,1,0,12.0625,3.6875,pole_excluded,,,0
site-a-try-05,site-a,2,0,20.4375,3.6875,pole_excluded,,,0
site-a-try-05,site-a,3,0,28.8125,3.6875,pole_excluded,,,0
site-a-try-05,site-a,4,0,37.1875,3.6875,pole_excluded,,,0
site-a-try-05,site-a,5,0,45.5625,3.6875,pole_excluded,,,0
site-a-try-05,site-a,6,0,53.9375,3.6875,pole_excluded,,,0
site-a-try-05,site-a,7,0,62.3125,3.6875,pole_excluded,,,0
site-a-try-05,site-a,8,0,70.6875,3.6875,pole_excluded,,,0
site-a-try-05,site-a,9,0,79.0625,3.6875,pole_excluded,,,0
site-a-try-05,site-a,10,0,87.4375,3.6875,pole_excluded,,,0
site-a-try-05,site-a,11,0,95.8125,3.6875,pole_excluded,,,0
site-a-try-05,site-a,12,0,104.1875,3.6875,pole_excluded,,,0
site-a-try-05,site-a,13,0,112.5625,3.6875,pole_excluded,,,0
site-a-try-05,site-a,14,0,120.9375,3.6875,pole_excluded,,,0
site-a-try-05,site-a,15,0,129.3125,3.6875,pole_excluded,,,0
site-a-try-05,site-a,0,1,3.6875,12.0625,hit,43.019704782,55.8284856677,0
site-a-try-05,site-a,1,1,12.0625,12.0625,hit,35.0949810582,49.2603256702,0
site-a-try-05,site-a,2,1,20.4375,12.0625,hit,30.7373134122,89.5077875853,0
site-a-try-05,site-a,3,1,28.8125,12.0625,hit,34.0353998654,83.1444568634,0
site-a-try-05,site-a,4,1,37.1875,12.0625,hit,35.2395860773,80.8754754066,0
site-a-try-05,site-a,5,1,45.5625,12.0625,hit,26.506037694,82.0646928549,0
site-a-try-05,site-a,6,1,53.9375,12.0625,hit,30.5450730709,74.3119062185,0
site-a-try-05,site-a,7,1,62.3125,12.0625,no_hit,,,0
site-a-try-05,site-a,8,1,70.6875,12.0625,no_hit,,,0
site-a-try-05,site-a,9,1,79.0625,12.0625,no_hit,,,0
site-a-try-05,site-a,10,1,87.4375,12.0625,no_hit,,,0
site-a-try-05,site-a,11,1,95.8125,12.0625,no_hit,,,0
site-a-try-05,site-a,12,1,104.1875,12.0625,no_hit,,,0
site-a-try-05,site-a,13,1,112.5625,12.0625,no_hit,,,0
site-a-try-05,site-a,14,1,120.9375,12.0625,hit,40.6756595141,65.5873709917,0
site-a-try-05,site-a,15,1,129.3125,12.0625,hit,45.1203829824,59.6841309667,0
site-a-try-05,site-a,0,2,3.6875,20.4375,hit,27.9090011682,80.7824308872,0
site-a-try-05,site-a,1,2,12.0625,20.4375,hit,23.4990108562,75.121830821,0
site-a-try-05,site-a,2,2,20.4375,20.4375,hit,20.5375272591,123.003250718,0
site-a-try-05,site-a,3,2,28.8125,20.4375,hit,22.7930571819,116.030224681,0
site-a-try-05,site-a,4,2,37.1875,20.4375,hit,23.5451520447,112.73970747,0
site-a-try-05,site-a,5,2,45.5625,20.4375,hit,17.6464603636,111.545121551,1
site-a-try-05,site-a,6,2,53.9375,20.4375,hit,20.4395273413,92.2686781883,0
site-a-try-05,site-a,7,2,62.3125,20.4375,no_hit,,,0
site-a-try-05,site-a,8,2,70.6875,20.4375,no_hit,,,0
site-a-try-05,site-a,9,2,79.0625,20.4375,no_hit,,,0
site-a-try-05,site-a,10,2,87.4375,20.4375,no_hit,,,0
site-a-try-05,site-a,11,2,95.8125,20.4375,no_hit,,,0
site-a-try-05,site-a,12,2,104.1875,20.4375,no_hit,,,0
site-a-try-05,site-a,13,2,112.5625,20.4375,no_hit,,,0
site-a-try-05,site-a,14,2,120.9375,20.4375,hit,27.5497615296,88.236230135,0
site-a-try-05,site-a,15,2,129.3125,20.4375,hit,29.6758404219,81.4365804195,0
site-a-try-05,site-a,0,3,3.6875,28.8125,hit,23.6221734979,94.0311044455,0
site-a-try-05,site-a,1,3,12.0625,28.8125,hit,19.8271302606,91.5618978739,1
site-a-try-05,site-a,2,3,20.4375,28.8125,hit,17.4105430137,139.699145794,1
site-a-try-05,site-a,3,3,28.8125,28.8125,hit,19.3537110052,133.88098073,1
site-a-try-05,site-a,4,3,37.1875,28.8125,hit,19.0962443189,131.676700592,1
site-a-try-05,site-a,5,3,45.5625,28.8125,hit,15.0513799311,129.502771854,1
site-a-try-05,site-a,6,3,53.9375,28.8125,hit,17.3274063564,95.4382067919,1
site-a-try-05,site-a,7,3,62.3125,28.8125,no_hit,,,0
site-a-try-05,site-a,8,3,70.6875,28.8125,no_hit,,,0
site-a-try-05,site-a,9,3,79.0625,28.8125,no_hit,,,0
site-a-try-05,site-a,10,3,87.4375,28.8125,no_hit,,,0
site-a-try-05,site-a,11,3,95.8125,28.8125,no_hit,,,0
site-a-try-05,site-a,12,3,104.1875,28.8125,no_hit,,,0
site-a-try-05,site-a,13,3,112.5625,28.8125,hit,56.742332261,14.0268901885,0
site-a-try-05,site-a,14,3,120.9375,28.8125,hit,23.3077164135,102.099014521,0
site-a-try-05,site-a,15,3,129.3125,28.8125,hit,25.124210822,94.2463823557,0
site-a-try-05,site-a,0,4,3.6875,37.1875,hit,23.67272184,98.958540082,0
site-a-try-05,site-a,1,4,12.0625,37.1875,hit,19.9022463546,99.3606324196,1
site-a-try-05,site-a,2,4,20.4375,37.1875,hit,17.4103155595,143.200984478,1
site-a-try-05,site-a,3,4,28.8125,37.1875,hit,19.3188121782,140.405352354,1
site-a-try-05,site-a,4,4,37.1875,37.1875,hit,19.0947441368,138.260342121,1
site-a-try-05,site-a,5,4,45.5625,37.1875,hit,15.0952587832,137.272720814,1
site-a-try-05,site-a,6,4,53.9375,37.1875,hit,17.3236302758,79.4576114416,1
site-a-try-05,site-a,7,4,62.3125,37.1875,hit,21.0877043652,70.7579700947,0
site-a-try-05,site-a,8,4,70.6875,37.1875,hit,14.0166948565,75.4900509119,1
site-a-try-05,site-a,9,4,79.0625,37.1875,hit,13.1954153357,69.1642996073,1
site-a-try-05,site-a,10,4,87.4375,37.1875,hit,13.9546556492,58.980956912,1
site-a-try-05,site-a,11,4,95.8125,37.1875,hit,14.5438902512,61.45708251,1
site-a-try-05,site-a,12,4,104.1875,37.1875,hit,15.5200230066,59.9175918698,1
site-a-try-05,site-a,13,4,112.5625,37.1875,hit,31.9230154163,47.1378154159,0
site-a-try-05,site-a,14,4,120.9375,37.1875,hit,23.3003751682,107.816259027,0
site-a-try-05,site-a,15,4,129.3125,37.1875,hit,25.3459743541,99.2658609152,0
site-a-try-05,site-a,0,5,3.6875,45.5625,hit,21.0471135826,97.0777631998,0
site-a-try-05,site-a,1,5,12.0625,45.5625,hit,20.7211400428,95.081127882,0
site-a-try-05,site-a,2,5,20.4375,45.5625,hit,20.5365678004,138.060242653,0
site-a-try-05,site-a,3,5,28.8125,45.5625,hit,20.7590046004,138.609941721,0
site-a-try-05,site-a,4,5,37.1875,45.5625,hit,20.5185550645,136.094259739,0
site-a-try-05,site-a,5,5,45.5625,45.5625,hit,17.7185339185,134.188637733,1
site-a-try-05,site-a,6,5,53.9375,45.5625,hit,20.3394081711,86.4114253521,0
site-a-try-05,site-a,7,5,62.3125,45.5625,hit,20.8495367289,84.7015264034,0
site-a-try-05,site-a,8,5,70.6875,45.5625,hit,14.3239718305,89.2344869375,1
site-a-try-05,site-a,9,5,79.0625,45.5625,hit,11.2341193817,90.4695413113,1
site-a-try-05,site-a,10,5,87.4375,45.5625,hit,10.9385260454,81.7528065443,1
site-a-try-05,site-a,11,5,95.8125,45.5625,hit,12.0544477115,73.9221777916,1
site-a-try-05,site-a,12,5,104.1875,45.5625,hit,15.7961937725,63.6940358877,1
site-a-try-05,site-a,13,5,112.5625,45.5625,hit,21.6532222274,52.142781496,0
site-a-try-05,site-a,14,5,120.9375,45.5625,hit,21.4247711319,109.842559576,0
site-a-try-05,site-a,15,5,129.3125,45.5625,hit,21.2573365361,100.797307253,0
site-a-try-05,site-a,0,6,3.6875,53.9375,hit,9.89698773625,121.060680509,1
site-a-try-05,site-a,1,6,12.0625,53.9375,hit,14.2143906719,93.5152703524,1
site-a-try-05,site-a,2,6,20.4375,53.9375,hit,14.099284744,134.965140581,1
site-a-try-05,site-a,3,6,28.8125,53.9375,hit,14.0422883438,137.39122963,1
site-a-try-05,site-a,4,6,37.1875,53.9375,hit,14.104708605,135.072182894,1
site-a-try-05,site-a,5,6,45.5625,53.9375,hit,14.1836293926,131.084776402,1
site-a-try-05,site-a,6,6,53.9375,53.9375,hit,14.1492908511,114.2049402,1
site-a-try-05,site-a,7,6,62.3125,53.9375,hit,14.1597168343,103.91467464,1
site-a-try-05,site-a,8,6,70.6875,53.9375,hit,14.2077226956,99.5448503494,1
site-a-try-05,site-a,9,6,79.0625,53.9375,hit,14.028771622,94.942545414,1
site-a-try-05,site-a,10,6,87.4375,53.9375,hit,14.0668982712,79.3367440701,1
site-a-try-05,site-a,11,6,95.8125,53.9375,hit,14.116160298,76.4703627825,1
site-a-try-05,site-a,12,6,104.1875,53.9375,hit,14.1355000101,71.1223343611,1
site-a-try-05,site-a,13,6,112.5625,53.9375,hit,14.2061441902,68.8426325321,1
site-a-try-05,site-a,14,6,120.9375,53.9375,hit,9.8986551023,123.959209085,1
site-a-try-05,site-a,15,6,129.3125,53.9375,hit,9.83941970925,123.334211111,1
site-a-try-05,site-a,0,7,3.6875,62.3125,hit,8.45977306882,133.60181284,1
site-a-try-05,site-a,1,7,12.0625,62.3125,hit,8.46363725509,136.618912458,1
site-a-try-05,site-a,2,7,20.4375,62.3125,hit,8.40600973589,143.974217892,1
site-a-try-05,site-a,3,7,28.8125,62.3125,hit,11.8561629507,141.715641737,1
site-a-try-05,site-a,4,7,37.1875,62.3125,hit,11.8601875382,139.142337799,1
site-a-try-05,site-a,5,7,45.5625,62.3125,hit,11.8871501739,135.066168785,1
site-a-try-05,site-a,6,7,53.9375,62.3125,hit,11.9034352952,129.930788994,1
site-a-try-05,site-a,7,7,62.3125,62.3125,hit,11.9064544932,123.569234014,1
site-a-try-05,site-a,8,7,70.6875,62.3125,hit,11.895688874,118.491988897,1
site-a-try-05,site-a,9,7,79.0625,62.3125,hit,11.8825110544,110.206838846,1
site-a-try-05,site-a,10,7,87.4375,62.3125,hit,11.8924791263,95.5410052538,1
site-a-try-05,site-a,11,7,95.8125,62.3125,hit,11.8903297738,89.9562586546,1
site-a-try-05,site-a,12,7,104.1875,62.3125,hit,8.56976467239,127.702008009,1
site-a-try-05,site-a,13,7,112.5625,62.3125,hit,8.45543821474,136.138168335,1
site-a-try-05,site-a,14,7,120.9375,62.3125,hit,8.318609742,134.415683746,1
site-a-try-05,site-a,15,7,129.3125,62.3125,hit,8.41421480136,134.147032499,1
site-b-try-01,site-b,0,0,3.6875,3.6875,pole_excluded,,,0
site-b-try-01,site-b,1,0,12.0625,3.6875,pole_excluded,,,0
site-b-try-01,site-b,2,0,20.4375,3.6875,pole_excluded,,,0
site-b-try-01,site-b,3,0,28.8125,3.6875,pole_excluded,,,0
site-b-try-01,site-b,4,0,37.1875,3.6875,pole_excluded,,,0
site-b-try-01,site-b,5,0,45.5625,3.6875,pole_excluded,,,0
site-b-try-01,site-b,6,0,53.9375,3.6875,pole_excluded,,,0
site-b-try-01,site-b,7,0,62.3125,3.6875,pole_excluded,,,0
site-b-try-01,site-b,8,0,70.6875,3.6875,pole_excluded,,,0
site-b-try-01,site-b,9,0,79.0625,3.6875,pole_excluded,,,0
site-b-try-01,site-b,10,0,87.4375,3.6875,pole_excluded,,,0
site-b-try-01,site-b,11,0,95.8125,3.6875,pole_excluded,,,0
site-b-try-01,site-b,12,0,104.1875,3.6875,pole_excluded,,,0
site-b-try-01,site-b,13,0,112.5625,3.6875,pole_excluded,,,0
site-b-try-01,site-b,14,0,120.9375,3.6875,pole_excluded,,,0
site-b-try-01,site-b,15,0,129.3125,3.6875,pole_excluded,,,0
site-b-try-01,site-b,0,1,3.6875,12.0625,no_hit,,,0
site-b-try-01,site-b,1,1,12.0625,12.0625,hit,78.7363914507,12.9382950068,0
site-b-try-01,site-b,2,1,20.4375,12.0625,hit,37.3772235983,10.1080744267,0
site-b-try-01,site-b,3,1,28.8125,12.0625,no_hit,,,0
site-b-try-01,site-b,4,1,37.1875,12.0625,no_hit,,,0
site-b-try-01,site-b,5,1,45.5625,12.0625,no_hit,,,0
site-b-try-01,site-b,6,1,53.9375,12.0625,hit,10.3380438358,21.1395411491,1
site-b-try-01,site-b,7,1,62.3125,12.0625,hit,8.84518460003,20.2086706161,1
site-b-try-01,site-b,8,1,70.6875,12.0625,hit,7.87212902206,21.4337647855,1
site-b-try-01,site-b,9,1,79.0625,12.0625,hit,45.6993934452,17.8432409763,0
site-b-try-01,site-b,10,1,87.4375,12.0625,hit,45.1453980856,17.9577181339,0
site-b-try-01,site-b,11,1,95.8125,12.0625,no_hit,,,0
site-b-try-01,site-b,12,1,104.1875,12.0625,no_hit,,,0
site-b-try-01,site-b,13,1,112.5625,12.0625,no_hit,,,0
site-b-try-01,site-b,14,1,120.9375,12.0625,hit,57.0198962732,19.0215551257,0
site-b-try-01,site-b,15,1,129.3125,12.0625,no_hit,,,0
site-b-try-01,site-b,0,2,3.6875,20.4375,no_hit,,,0
site-b-try-01,site-b,1,2,12.0625,20.4375,hit,20.1520615043,33.7665256858,0
site-b-try-01,site-b,2,2,20.4375,20.4375,hit,21.8566461683,31.0735734701,0
site-b-try-01,site-b,3,2,28.8125,20.4375,hit,28.7191482883,31.1577666998,0
site-b-try-01,site-b,4,2,37.1875,20.4375,no_hit,,,0
site-b-try-01,site-b,5,2,45.5625,20.4375,hit,10.9189830007,28.4163352251,1
site-b-try-01,site-b,6,2,53.9375,20.4375,hit,9.04942413989,33.3880913854,1
site-b-try-01,site-b,7,2,62.3125,20.4375,hit,7.40050216527,37.1388070583,1
site-b-try-01,site-b,8,2,70.6875,20.4375,hit,7.05324213852,37.2096782923,1
site-b-try-01,site-b,9,2,79.0625,20.4375,hit,30.5345446648,31.5861167312,0
site-b-try-01,site-b,10,2,87.4375,20.4375,hit,29.302493628,29.3627274036,0
site-b-try-01,site-b,11,2,95.8125,20.4375,hit,50.4682920282,24.5670897961,0
site-b-try-01,site-b,12,2,104.1875,20.4375,hit,79.9870381424,19.2246929109,0
site-b-try-01,site-b,13,2,112.5625,20.4375,hit,73.560012374,25.2638848722,0
site-b-try-01,site-b,14,2,120.9375,20.4375,hit,37.6872433823,28.1240853965,0
site-b-try-01,site-b,15,2,129.3125,20.4375,no_hit,,,0
site-b-try-01,site-b,0,3,3.6875,28.8125,hit,40.3749330226,32.5934617817,0
site-b-try-01,site-b,1,3,12.0625,28.8125,hit,17.0080420573,45.8123607635,1
site-b-try-01,site-b,2,3,20.4375,28.8125,hit,14.3356133171,60.1683785915,1
site-b-try-01,site-b,3,3,28.8125,28.8125,hit,13.9269188339,72.2942581177,1
site-b-try-01,site-b,4,3,37.1875,28.8125,hit,3.29892676546,86.327377677,1
site-b-try-01,site-b,5,3,45.5625,28.8125,hit,3.12797272317,89.2170113921,1
site-b-try-01,site-b,6,3,53.9375,28.8125,hit,9.01723948764,61.2821708918,1
site-b-try-01,site-b,7,3,62.3125,28.8125,hit,8.60893961759,54.7720597982,1
site-b-try-01,site-b,8,3,70.6875,28.8125,hit,8.24353506415,57.0638526678,1
site-b-try-01,site-b,9,3,79.0625,28.8125,hit,12.8626834456,55.8671522141,1
site-b-try-01,site-b,10,3,87.4375,28.8125,hit,23.9879952771,44.2790355086,0
site-b-try-01,site-b,11,3,95.8125,28.8125,hit,42.5402968449,36.8509193659,0
site-b-try-01,site-b,12,3,104.1875,28.8125,hit,68.5430744547,30.5160660446,0
site-b-try-01,site-b,13,3,112.5625,28.8125,hit,27.733979796,45.57542485,0
site-b-try-01,site-b,14,3,120.9375,28.8125,hit,29.8670444937,45.9779447317,0
site-b-try-01,site-b,15,3,129.3125,28.8125,no_hit,,,0
site-b-try-01,site-b,0,4,3.6875,37.1875,hit,6.12011690348,139.515120745,1
site-b-try-01,site-b,1,4,12.0625,37.1875,hit,6.41371034914,154.762593746,1
site-b-try-01,site-b,2,4,20.4375,37.1875,hit,5.85087242629,167.811331987,1
site-b-try-01,site-b,3,4,28.8125,37.1875,hit,4.8684388307,174.038826227,1
site-b-try-01,site-b,4,4,37.1875,37.1875,hit,3.64718767166,179.557651758,1
site-b-try-01,site-b,5,4,45.5625,37.1875,hit,3.63308164939,180.187788486,1
site-b-try-01,site-b,6,4,53.9375,37.1875,hit,3.70870383023,172.072132111,1
site-b-try-01,site-b,7,4,62.3125,37.1875,hit,4.05897138265,143.312938452,1
site-b-try-01,site-b,8,4,70.6875,37.1875,hit,7.64313644899,112.019531727,1
site-b-try-01,site-b,9,4,79.0625,37.1875,hit,5.78100207076,102.119809747,1
site-b-try-01,site-b,10,4,87.4375,37.1875,hit,4.88943423561,105.945151925,1
site-b-try-01,site-b,11,4,95.8125,37.1875,hit,5.54435833787,104.562075257,1
site-b-try-01,site-b,12,4,104.1875,37.1875,hit,6.3823895142,100.53616333,1
site-b-try-01,site-b,13,4,112.5625,37.1875,hit,5.57736990505,94.0526132584,1
site-b-try-01,site-b,14,4,120.9375,37.1875,hit,4.85788143331,102.520188451,1
site-b-try-01,site-b,15,4,129.3125,37.1875,hit,4.93468261497,118.83243084,1
site-b-try-01,site-b,0,5,3.6875,45.5625,hit,2.23232588824,429.309782982,1
site-b-try-01,site-b,1,5,12.0625,45.5625,hit,2.29578301108,434.361546516,1
site-b-try-01,site-b,2,5,20.4375,45.5625,hit,2.30662619679,440.028734207,1
site-b-try-01,site-b,3,5,28.8125,45.5625,hit,2.27126832432,439.788405895,1
site-b-try-01,site-b,4,5,37.1875,45.5625,hit,2.23725025486,437.236030102,1
site-b-try-01,site-b,5,5,45.5625,45.5625,hit,2.20982973242,434.204872608,1
site-b-try-01,site-b,6,5,53.9375,45.5625,hit,2.19295474475,424.792006493,1
site-b-try-01,site-b,7,5,62.3125,45.5625,hit,2.18779222007,415.146375656,1
site-b-try-01,site-b,8,5,70.6875,45.5625,hit,2.1957176856,408.699677944,1
site-b-try-01,site-b,9,5,79.0625,45.5625,hit,2.21566514783,402.258891582,1
site-b-try-01,site-b,10,5,87.4375,45.5625,hit,2.24490781649,403.75524044,1
site-b-try-01,site-b,11,5,95.8125,45.5625,hit,2.27933670714,404.525314808,1
site-b-try-01,site-b,12,5,104.1875,45.5625,hit,2.31457557224,411.680670738,1
site-b-try-01,site-b,13,5,112.5625,45.5625,hit,2.2456878317,421.073636055,1
site-b-try-01,site-b,14,5,120.9375,45.5625,hit,2.20647144303,424.553622246,1
site-b-try-01,site-b,15,5,129.3125,45.5625,hit,2.2018389139,423.502784252,1
site-b-try-01,site-b,0,6,3.6875,53.9375,hit,1.54528924162,685.262626648,1
site-b-try-01,site-b,1,6,12.0625,53.9375,hit,1.53884052295,685.226928711,1
site-b-try-01,site-b,2,6,20.4375,53.9375,hit,1.52959316152,682.036994934,1
site-b-try-01,site-b,3,6,28.8125,53.9375,hit,1.51906560605,679.246731758,1
site-b-try-01,site-b,4,6,37.1875,53.9375,hit,1.50876427661,675.814700127,1
site-b-try-01,site-b,5,6,45.5625,53.9375,hit,1.5004637364,671.988689423,1
site-b-try-01,site-b,6,6,53.9375,53.9375,hit,1.49515822068,667.650101662,1
site-b-try-01,site-b,7,6,62.3125,53.9375,hit,1.49360409814,665.165101051,1
site-b-try-01,site-b,8,6,70.6875,53.9375,hit,1.49611099548,659.315412521,1
site-b-try-01,site-b,9,6,79.0625,53.9375,hit,1.50223815438,647.143659592,1
site-b-try-01,site-b,10,6,87.4375,53.9375,hit,1.5110269671,648.601169586,1
site-b-try-01,site-b,11,6,95.8125,53.9375,hit,1.52156647768,662.80860424,1
site-b-try-01,site-b,12,6,104.1875,53.9375,hit,1.53180822036,678.676740646,1
site-b-try-01,site-b,13,6,112.5625,53.9375,hit,1.54056135551,684.830844879,1
site-b-try-01,site-b,14,6,120.9375,53.9375,hit,1.54621810611,682.733095169,1
site-b-try-01,site-b,15,6,129.3125,53.9375,hit,1.54792707975,682.1850214,1
site-b-try-01,site-b,0,7,3.6875,62.3125,hit,1.29507496545,870.380284309,1
site-b-try-01,site-b,1,7,12.0625,62.3125,hit,1.29349109695,870.419672012,1
site-b-try-01,site-b,2,7,20.4375,62.3125,hit,1.29116286482,869.412680626,1
site-b-try-01,site-b,3,7,28.8125,62.3125,hit,1.28850121175,869.146129608,1
site-b-try-01,site-b,4,7,37.1875,62.3125,hit,1.28592889302,867.430293083,1
site-b-try-01,site-b,5,7,45.5625,62.3125,hit,1.28380909675,864.350958824,1
site-b-try-01,site-b,6,7,53.9375,62.3125,hit,1.28240972853,863.955147743,1
site-b-try-01,site-b,7,7,62.3125,62.3125,hit,1.28201679143,866.946840286,1
site-b-try-01,site-b,8,7,70.6875,62.3125,hit,1.2826539128,867.006342888,1
site-b-try-01,site-b,9,7,79.0625,62.3125,hit,1.28424373585,863.561657906,1
site-b-try-01,site-b,10,7,87.4375,62.3125,hit,1.28650049586,865.515746117,1
site-b-try-01,site-b,11,7,95.8125,62.3125,hit,1.28914435694,870.606956482,1
site-b-try-01,site-b,12,7,104.1875,62.3125,hit,1.29174642282,873.300934792,1
site-b-try-01,site-b,13,7,112.5625,62.3125,hit,1.29391980499,874.648983002,1
site-b-try-01,site-b,14,7,120.9375,62.3125,hit,1.29533100882,874.9006567,1
site-b-try-01,site-b,15,7,129.3125,62.3125,hit,1.2957181098,872.829402924,1
site-b-try-02,site-b,0,0,3.6875,3.6875,pole_excluded,,,0
site-b-try-02,site-b,1,0,12.0625,3.6875,pole_excluded,,,0
site-b-try-02,site-b,2,0,20.4375,3.6875,pole_excluded,,,0
site-b-try-02,site-b,3,0,28.8125,3.6875,pole_excluded,,,0
site-b-try-02,site-b,4,0,37.1875,3.6875,pole_excluded,,,0
site-b-try-02,site-b,5,0,45.5625,3.6875,pole_excluded,,,0
site-b-try-02,site-b,6,0,53.9375,3.6875,pole_excluded,,,0
site-b-try-02,site-b,7,0,62.3125,3.6875,pole_excluded,,,0
site-b-try-02,site-b,8,0,70.6875,3.6875,pole_excluded,,,0
site-b-try-02,site-b,9,0,79.0625,3.6875,pole_excluded,,,0
site-b-try-02,site-b,10,0,87.4375,3.6875,pole_excluded,,,0
site-b-try-02,site-b,11,0,95.8125,3.6875,pole_excluded,,,0
site-b-try-02,site-b,12,0,104.1875,3.6875,pole_excluded,,,0
site-b-try-02,site-b,13,0,112.5625,3.6875,pole_excluded,,,0
site-b-try-02,site-b,14,0,120.9375,3.6875,pole_excluded,,,0
site-b-try-02,site-b,15,0,129.3125,3.6875,pole_excluded,,,0
site-b-try-02,site-b,0,1,3.6875,12.0625,hit,6.63826073098,33.4348666668,1
site-b-try-02,site-b,1,1,12.0625,12.0625,hit,11.1305766152,30.799025923,1
site-b-try-02,site-b,2,1,20.4375,12.0625,no_hit,,,0
site-b-try-02,site-b,3,1,28.8125,12.0625,no_hit,,,0
site-b-try-02,site-b,4,1,37.1875,12.0625,no_hit,,,0
site-b-try-02,site-b,5,1,45.5625,12.0625,hit,68.3169263576,15.4734730124,0
site-b-try-02,site-b,6,1,53.9375,12.0625,hit,64.4502011805,19.0214259326,0
site-b-try-02,site-b,7,1,62.3125,12.0625,hit,70.691674169,19.7584117651,0
site-b-try-02,site-b,8,1,70.6875,12.0625,no_hit,,,0
site-b-try-02,site-b,9,1,79.0625,12.0625,no_hit,,,0
site-b-try-02,site-b,10,1,87.4375,12.0625,hit,56.4396266223,11.6746503413,0
site-b-try-02,site-b,11,1,95.8125,12.0625,hit,64.0405005479,11.5304149985,0
site-b-try-02,site-b,12,1,104.1875,12.0625,no_hit,,,0
site-b-try-02,site-b,13,1,112.5625,12.0625,hit,60.4256013021,14.4044789374,0
site-b-try-02,site-b,14,1,120.9375,12.0625,hit,5.19216132631,62.3362489343,1
site-b-try-02,site-b,15,1,129.3125,12.0625,hit,5.40702944911,52.3972344995,1
site-b-try-02,site-b,0,2,3.6875,20.4375,hit,4.54137555172,64.5530713201,1
site-b-try-02,site-b,1,2,12.0625,20.4375,hit,7.51040488536,51.7729636431,1
site-b-try-02,site-b,2,2,20.4375,20.4375,hit,4.16905824772,37.8999733329,1
site-b-try-02,site-b,3,2,28.8125,20.4375,no_hit,,,0
site-b-try-02,site-b,4,2,37.1875,20.4375,no_hit,,,0
site-b-try-02,site-b,5,2,45.5625,20.4375,hit,18.5590537284,21.5999279022,1
site-b-try-02,site-b,6,2,53.9375,20.4375,hit,42.9087303756,24.6639331877,0
site-b-try-02,site-b,7,2,62.3125,20.4375,hit,45.9492733545,25.4496204257,0
site-b-try-02,site-b,8,2,70.6875,20.4375,hit,62.8435712588,21.1032404602,0
site-b-try-02,site-b,9,2,79.0625,20.4375,hit,94.6387007522,15.2713629007,0
site-b-try-02,site-b,10,2,87.4375,20.4375,hit,37.6944611309,18.9389433861,0
site-b-try-02,site-b,11,2,95.8125,20.4375,hit,39.663412403,18.6328817606,0
site-b-try-02,site-b,12,2,104.1875,20.4375,no_hit,,,0
site-b-try-02,site-b,13,2,112.5625,20.4375,hit,17.4244814509,23.9453295767,1
site-b-try-02,site-b,14,2,120.9375,20.4375,hit,3.46884434843,82.8343579769,1
site-b-try-02,site-b,15,2,129.3125,20.4375,hit,3.65038534476,74.6135829687,1
site-b-try-02,site-b,0,3,3.6875,28.8125,hit,3.09794401486,102.78032589,1
site-b-try-02,site-b,1,3,12.0625,28.8125,hit,3.08111063393,91.2823940516,1
site-b-try-02,site-b,2,3,20.4375,28.8125,hit,2.58860171056,120.48266232,1
site-b-try-02,site-b,3,3,28.8125,28.8125,hit,2.9033033322,171.322172165,1
site-b-try-02,site-b,4,3,37.1875,28.8125,hit,3.85610737057,159.300112247,1
site-b-try-02,site-b,5,3,45.5625,28.8125,hit,7.1103153731,80.7933928967,1
site-b-try-02,site-b,6,3,53.9375,28.8125,hit,24.3262820622,34.0408884883,0
site-b-try-02,site-b,7,3,62.3125,28.8125,hit,38.2745831867,34.5550421476,0
site-b-try-02,site-b,8,3,70.6875,28.8125,hit,53.280554121,30.3987067938,0
site-b-try-02,site-b,9,3,79.0625,28.8125,hit,31.3204569096,32.5373223424,0
site-b-try-02,site-b,10,3,87.4375,28.8125,hit,25.7289910027,33.6882032752,0
site-b-try-02,site-b,11,3,95.8125,28.8125,hit,26.8087583834,31.5172138512,0
site-b-try-02,site-b,12,3,104.1875,28.8125,no_hit,,,0
site-b-try-02,site-b,13,3,112.5625,28.8125,hit,4.61213304589,37.3550931215,1
site-b-try-02,site-b,14,3,120.9375,28.8125,hit,2.94772387535,98.2792414427,1
site-b-try-02,site-b,15,3,129.3125,28.8125,hit,3.10006381017,103.007129073,1
site-b-try-02,site-b,0,4,3.6875,37.1875,hit,1.45214883462,235.219480991,1
site-b-try-02,site-b,1,4,12.0625,37.1875,hit,1.41487960158,237.855028868,1
site-b-try-02,site-b,2,4,20.4375,37.1875,hit,1.53410668094,234.710958481,1
site-b-try-02,site-b,3,4,28.8125,37.1875,hit,1.87924757457,227.368372202,1
site-b-try-02,site-b,4,4,37.1875,37.1875,hit,2.31578431959,222.490750074,1
site-b-try-02,site-b,5,4,45.5625,37.1875,hit,2.39768850885,191.332054377,1
site-b-try-02,site-b,6,4,53.9375,37.1875,hit,3.50638772345,141.05888629,1
site-b-try-02,site-b,7,4,62.3125,37.1875,hit,4.05414813794,124.757374763,1
site-b-try-02,site-b,8,4,70.6875,37.1875,hit,5.18446196946,111.697922707,1
site-b-try-02,site-b,9,4,79.0625,37.1875,hit,5.55193833228,87.9146779776,1
site-b-try-02,site-b,10,4,87.4375,37.1875,hit,6.36238253582,68.52904284,1
site-b-try-02,site-b,11,4,95.8125,37.1875,hit,1.96480791456,81.9255101681,1
site-b-try-02,site-b,12,4,104.1875,37.1875,hit,1.51040180103,185.130842686,1
site-b-try-02,site-b,13,4,112.5625,37.1875,hit,1.29843332413,209.986561775,1
site-b-try-02,site-b,14,4,120.9375,37.1875,hit,1.22398419054,222.747555256,1
site-b-try-02,site-b,15,4,129.3125,37.1875,hit,1.31261700819,228.156980515,1
site-b-try-02,site-b,0,5,3.6875,45.5625,hit,0.749094546715,364.078919411,1
site-b-try-02,site-b,1,5,12.0625,45.5625,hit,0.82434165202,363.599401951,1
site-b-try-02,site-b,2,5,20.4375,45.5625,hit,0.947433200166,360.246253967,1
site-b-try-02,site-b,3,5,28.8125,45.5625,hit,1.08030203465,354.442586899,1
site-b-try-02,site-b,4,5,37.1875,45.5625,hit,1.23280879876,345.954388142,1
site-b-try-02,site-b,5,5,45.5625,45.5625,hit,1.43513092932,322.927747726,1
site-b-try-02,site-b,6,5,53.9375,45.5625,hit,1.82438883147,280.780603886,1
site-b-try-02,site-b,7,5,62.3125,45.5625,hit,1.91480802278,260.674957752,1
site-b-try-02,site-b,8,5,70.6875,45.5625,hit,1.42095319882,266.936256409,1
site-b-try-02,site-b,9,5,79.0625,45.5625,hit,1.14423547319,299.503809452,1
site-b-try-02,site-b,10,5,87.4375,45.5625,hit,0.982350408799,316.251571655,1
site-b-try-02,site-b,11,5,95.8125,45.5625,hit,0.857859539844,326.012571335,1
site-b-try-02,site-b,12,5,104.1875,45.5625,hit,0.771930078201,337.64875555,1
site-b-try-02,site-b,13,5,112.5625,45.5625,hit,0.720739253728,346.819621086,1
site-b-try-02,site-b,14,5,120.9375,45.5625,hit,0.700827371947,354.560602665,1
site-b-try-02,site-b,15,5,129.3125,45.5625,hit,0.709872252327,361.631885052,1
site-b-try-02,site-b,0,6,3.6875,53.9375,hit,0.56863145252,495.896352768,1
site-b-try-02,site-b,1,6,12.0625,53.9375,hit,0.595277820293,500.545578003,1
site-b-try-02,site-b,2,6,20.4375,53.9375,hit,0.631326421888,497.130260944,1
site-b-try-02,site-b,3,6,28.8125,53.9375,hit,0.673430712291,493.947927475,1
site-b-try-02,site-b,4,6,37.1875,53.9375,hit,0.715249167185,486.062764168,1
site-b-try-02,site-b,5,6,45.5625,53.9375,hit,0.748070372497,477.1983428,1
site-b-try-02,site-b,6,6,53.9375,53.9375,hit,0.763200804618,471.213443279,1
site-b-try-02,site-b,7,6,62.3125,53.9375,hit,0.756174480658,469.791460037,1
site-b-try-02,site-b,8,6,70.6875,53.9375,hit,0.729069563887,469.307874203,1
site-b-try-02,site-b,9,6,79.0625,53.9375,hit,0.689555478392,467.917597294,1
site-b-try-02,site-b,10,6,87.4375,53.9375,hit,0.646587793365,469.747792244,1
site-b-try-02,site-b,11,6,95.8125,53.9375,hit,0.607716782105,470.810640335,1
site-b-try-02,site-b,12,6,104.1875,53.9375,hit,0.577342886561,473.011129856,1
site-b-try-02,site-b,13,6,112.5625,53.9375,hit,0.557591785648,472.503386974,1
site-b-try-02,site-b,14,6,120.9375,53.9375,hit,0.549487678276,475.203214645,1
site-b-try-02,site-b,15,6,129.3125,53.9375,hit,0.553221136189,485.69997406,1
site-b-try-02,site-b,0,7,3.6875,62.3125,hit,0.522424463908,599.701655388,1
site-b-try-02,site-b,1,7,12.0625,62.3125,hit,0.530099815636,602.102657318,1
site-b-try-02,site-b,2,7,20.4375,62.3125,hit,0.539740161193,599.856679916,1
site-b-try-02,site-b,3,7,28.8125,62.3125,hit,0.550077166927,598.948371887,1
site-b-try-02,site-b,4,7,37.1875,62.3125,hit,0.559378113958,594.797323227,1
site-b-try-02,site-b,5,7,45.5625,62.3125,hit,0.566184142503,592.054714203,1
site-b-try-02,site-b,6,7,53.9375,62.3125,hit,0.569238779259,589.970186234,1
site-b-try-02,site-b,7,7,62.3125,62.3125,hit,0.567887090548,590.20939827,1
site-b-try-02,site-b,8,7,70.6875,62.3125,hit,0.562271993427,588.389175415,1
site-b-try-02,site-b,9,7,79.0625,62.3125,hit,0.553691545431,583.568481445,1
site-b-try-02,site-b,10,7,87.4375,62.3125,hit,0.543610608768,580.121669769,1
site-b-try-02,site-b,11,7,95.8125,62.3125,hit,0.533487945199,578.671652794,1
site-b-try-02,site-b,12,7,104.1875,62.3125,hit,0.524967037131,577.834253311,1
site-b-try-02,site-b,13,7,112.5625,62.3125,hit,0.519107804978,575.141073227,1
site-b-try-02,site-b,14,7,120.9375,62.3125,hit,0.516618840446,578.213627815,1
site-b-try-02,site-b,15,7,129.3125,62.3125,hit,0.517774001649,588.076434135,1
site-b-try-03,site-b,0,0,3.6875,3.6875,pole_excluded,,,0
site-b-try-03,site-b,1,0,12.0625,3.6875,pole_excluded,,,0
site-b-try-03,site-b,2,0,20.4375,3.6875,pole_excluded,,,0
site-b-try-03,site-b,3,0,28.8125,3.6875,pole_excluded,,,0
site-b-try-03,site-b,4,0,37.1875,3.6875,pole_excluded,,,0
site-b-try-03,site-b,5,0,45.5625,3.6875,pole_excluded,,,0
site-b-try-03,site-b,6,0,53.9375,3.6875,pole_excluded,,,0
site-b-try-03,site-b,7,0,62.3125,3.6875,pole_excluded,,,0
site-b-try-03,site-b,8,0,70.6875,3.6875,pole_excluded,,,0
site-b-try-03,site-b,9,0,79.0625,3.6875,pole_excluded,,,0
site-b-try-03,site-b,10,0,87.4375,3.6875,pole_excluded,,,0
site-b-try-03,site-b,11,0,95.8125,3.6875,pole_excluded,,,0
site-b-try-03,site-b,12,0,104.1875,3.6875,pole_excluded,,,0
site-b-try-03,site-b,13,0,112.5625,3.6875,pole_excluded,,,0
site-b-try-03,site-b,14,0,120.9375,3.6875,pole_excluded,,,0
site-b-try-03,site-b,15,0,129.3125,3.6875,pole_excluded,,,0
site-b-try-03,site-b,0,1,3.6875,12.0625,hit,39.2465452465,10.4438828379,0
site-b-try-03,site-b,1,1,12.0625,12.0625,hit,45.7238181147,6.76302662492,0
site-b-try-03,site-b,2,1,20.4375,12.0625,no_hit,,,0
site-b-try-03,site-b,3,1,28.8125,12.0625,no_hit,,,0
site-b-try-03,site-b,4,1,37.1875,12.0625,hit,73.373013636,3.7027695477,0
site-b-try-03,site-b,5,1,45.5625,12.0625,hit,61.8312669238,12.4980410486,0
site-b-try-03,site-b,6,1,53.9375,12.0625,hit,53.8809286377,12.104943946,0
site-b-try-03,site-b,7,1,62.3125,12.0625,no_hit,,,0
site-b-try-03,site-b,8,1,70.6875,12.0625,no_hit,,,0
site-b-try-03,site-b,9,1,79.0625,12.0625,no_hit,,,0
site-b-try-03,site-b,10,1,87.4375,12.0625,hit,87.659553347,4.58724521846,0
site-b-try-03,site-b,11,1,95.8125,12.0625,hit,29.8833717886,25.4966175258,0
site-b-try-03,site-b,12,1,104.1875,12.0625,hit,37.603010205,16.1555656642,0
site-b-try-03,site-b,13,1,112.5625,12.0625,no_hit,,,0
site-b-try-03,site-b,14,1,120.9375,12.0625,hit,66.2616452667,12.1840302646,0
site-b-try-03,site-b,15,1,129.3125,12.0625,hit,70.4356790545,12.9247928262,0
site-b-try-03,site-b,0,2,3.6875,20.4375,hit,23.656608415,33.7966561317,0
site-b-try-03,site-b,1,2,12.0625,20.4375,hit,26.4672377772,28.2818034589,0
site-b-try-03,site-b,2,2,20.4375,20.4375,no_hit,,,0
site-b-try-03,site-b,3,2,28.8125,20.4375,no_hit,,,0
site-b-try-03,site-b,4,2,37.1875,20.4375,hit,49.6542016694,21.5577153563,0
site-b-try-03,site-b,5,2,45.5625,20.4375,hit,41.392256043,24.4838441908,0
site-b-try-03,site-b,6,2,53.9375,20.4375,hit,34.9733186232,25.3215447962,0
site-b-try-03,site-b,7,2,62.3125,20.4375,no_hit,,,0
site-b-try-03,site-b,8,2,70.6875,20.4375,hit,51.5787137786,47.5098596215,0
site-b-try-03,site-b,9,2,79.0625,20.4375,hit,75.5574611024,10.5630321056,0
site-b-try-03,site-b,10,2,87.4375,20.4375,hit,58.5747307133,27.5475416481,0
site-b-try-03,site-b,11,2,95.8125,20.4375,hit,17.5945187744,58.2669067979,1
site-b-try-03,site-b,12,2,104.1875,20.4375,hit,25.2682736057,48.3853543997,0
site-b-try-03,site-b,13,2,112.5625,20.4375,no_hit,,,0
site-b-try-03,site-b,14,2,120.9375,20.4375,hit,45.6178684184,28.2073789835,0
site-b-try-03,site-b,15,2,129.3125,20.4375,hit,23.9498324791,32.9775919318,0
site-b-try-03,site-b,0,3,3.6875,28.8125,hit,19.2451555816,57.366404593,1
site-b-try-03,site-b,1,3,12.0625,28.8125,hit,22.483398889,54.0178618431,0
site-b-try-03,site-b,2,3,20.4375,28.8125,hit,37.291478189,33.1739116907,0
site-b-try-03,site-b,3,3,28.8125,28.8125,hit,24.8656536423,34.4964848757,0
site-b-try-03,site-b,4,3,37.1875,28.8125,hit,20.3439810185,32.2918334603,0
site-b-try-03,site-b,5,3,45.5625,28.8125,hit,35.229325789,32.9543116093,0
site-b-try-03,site-b,6,3,53.9375,28.8125,hit,29.2607385186,35.487849474,0
site-b-try-03,site-b,7,3,62.3125,28.8125,hit,81.8470544264,32.399268806,0
site-b-try-03,site-b,8,3,70.6875,28.8125,hit,43.7303698755,45.2547826171,0
site-b-try-03,site-b,9,3,79.0625,28.8125,hit,16.1286093683,81.7808566093,1
site-b-try-03,site-b,10,3,87.4375,28.8125,hit,14.6974029706,84.505286932,1
site-b-try-03,site-b,11,3,95.8125,28.8125,hit,13.7643086147,75.0568438768,1
site-b-try-03,site-b,12,3,104.1875,28.8125,hit,15.3254600792,63.3538708687,1
site-b-try-03,site-b,13,3,112.5625,28.8125,hit,94.5996357417,28.2798137665,0
site-b-try-03,site-b,14,3,120.9375,28.8125,hit,30.9875758882,46.4694989324,0
site-b-try-03,site-b,15,3,129.3125,28.8125,hit,21.2438740366,52.0001484752,0
site-b-try-03,site-b,0,4,3.6875,37.1875,hit,12.9292488156,87.4662302732,1
site-b-try-03,site-b,1,4,12.0625,37.1875,hit,7.57089044281,87.568862319,1
site-b-try-03,site-b,2,4,20.4375,37.1875,hit,7.45105653291,82.0367743969,1
site-b-try-03,site-b,3,4,28.8125,37.1875,hit,6.88865953393,79.6530526876,1
site-b-try-03,site-b,4,4,37.1875,37.1875,hit,8.53587196669,78.3997977972,1
site-b-try-03,site-b,5,4,45.5625,37.1875,hit,8.7910755844,80.5158419609,1
site-b-try-03,site-b,6,4,53.9375,37.1875,hit,8.75794503238,82.777384758,1
site-b-try-03,site-b,7,4,62.3125,37.1875,hit,8.84938239651,85.6944935322,1
site-b-try-03,site-b,8,4,70.6875,37.1875,hit,9.46198129705,88.1281173229,1
site-b-try-03,site-b,9,4,79.0625,37.1875,hit,12.0251994182,89.1171382666,1
site-b-try-03,site-b,10,4,87.4375,37.1875,hit,13.277765764,92.273840785,1
site-b-try-03,site-b,11,4,95.8125,37.1875,hit,13.810407606,91.8697966337,1
site-b-try-03,site-b,12,4,104.1875,37.1875,hit,15.3256799979,87.5629448891,1
site-b-try-03,site-b,13,4,112.5625,37.1875,hit,17.333056137,79.7142213583,1
site-b-try-03,site-b,14,4,120.9375,37.1875,hit,12.3989099476,83.8771576881,1
site-b-try-03,site-b,15,4,129.3125,37.1875,hit,15.3166472628,84.9557693005,1
site-b-try-03,site-b,0,5,3.6875,45.5625,hit,4.65774442781,160.5988307,1
site-b-try-03,site-b,1,5,12.0625,45.5625,hit,4.29237602399,158.871805191,1
site-b-try-03,site-b,2,5,20.4375,45.5625,hit,4.11346712285,156.669229507,1
site-b-try-03,site-b,3,5,28.8125,45.5625,hit,3.60058784113,154.780528784,1
site-b-try-03,site-b,4,5,37.1875,45.5625,hit,3.99967047249,154.07305932,1
site-b-try-03,site-b,5,5,45.5625,45.5625,hit,4.06218675264,154.245581865,1
site-b-try-03,site-b,6,5,53.9375,45.5625,hit,4.23727893364,154.825034142,1
site-b-try-03,site-b,7,5,62.3125,45.5625,hit,4.08852958666,156.694535017,1
site-b-try-03,site-b,8,5,70.6875,45.5625,hit,4.43632620208,158.71839571,1
site-b-try-03,site-b,9,5,79.0625,45.5625,hit,4.97843040863,162.460199356,1
site-b-try-03,site-b,10,5,87.4375,45.5625,hit,5.96465100174,164.91489625,1
site-b-try-03,site-b,11,5,95.8125,45.5625,hit,5.75248616238,167.92676425,1
site-b-try-03,site-b,12,5,104.1875,45.5625,hit,4.37547123999,160.722302914,1
site-b-try-03,site-b,13,5,112.5625,45.5625,hit,4.31641434692,159.496676207,1
site-b-try-03,site-b,14,5,120.9375,45.5625,hit,4.31740279769,160.834642172,1
site-b-try-03,site-b,15,5,129.3125,45.5625,hit,6.02653016267,166.821924925,1
site-b-try-03,site-b,0,6,3.6875,53.9375,hit,3.3601627821,216.608046532,1
site-b-try-03,site-b,1,6,12.0625,53.9375,hit,3.2549823966,215.787718534,1
site-b-try-03,site-b,2,6,20.4375,53.9375,hit,3.07908026649,214.411040068,1
site-b-try-03,site-b,3,6,28.8125,53.9375,hit,2.71158020597,213.317597628,1
site-b-try-03,site-b,4,6,37.1875,53.9375,hit,2.83012234375,212.767553091,1
site-b-try-03,site-b,5,6,45.5625,53.9375,hit,3.14531821517,212.408543348,1
site-b-try-03,site-b,6,6,53.9375,53.9375,hit,3.07885999345,212.491941452,1
site-b-try-03,site-b,7,6,62.3125,53.9375,hit,3.24079880822,213.428469181,1
site-b-try-03,site-b,8,6,70.6875,53.9375,hit,2.97126797484,215.051419497,1
site-b-try-03,site-b,9,6,79.0625,53.9375,hit,2.53769676969,216.538796902,1
site-b-try-03,site-b,10,6,87.4375,53.9375,hit,2.43050973926,217.261991978,1
site-b-try-03,site-b,11,6,95.8125,53.9375,hit,2.50479816329,216.873167753,1
site-b-try-03,site-b,12,6,104.1875,53.9375,hit,2.86139554551,216.408809185,1
site-b-try-03,site-b,13,6,112.5625,53.9375,hit,3.35840617635,216.595285416,1
site-b-try-03,site-b,14,6,120.9375,53.9375,hit,3.21443206457,217.85628581,1
site-b-try-03,site-b,15,6,129.3125,53.9375,hit,3.23134303545,217.670744896,1
site-b-try-03,site-b,0,7,3.6875,62.3125,hit,3.07801443788,259.231088161,1
site-b-try-03,site-b,1,7,12.0625,62.3125,hit,2.94082260913,258.706851482,1
site-b-try-03,site-b,2,7,20.4375,62.3125,hit,2.82888387495,257.541333675,1
site-b-try-03,site-b,3,7,28.8125,62.3125,hit,2.91864201246,256.135827303,1
site-b-try-03,site-b,4,7,37.1875,62.3125,hit,3.03286734679,255.653762579,1
site-b-try-03,site-b,5,7,45.5625,62.3125,hit,3.0803008492,255.673577785,1
site-b-try-03,site-b,6,7,53.9375,62.3125,hit,3.0576262186,256.034339428,1
site-b-try-03,site-b,7,7,62.3125,62.3125,hit,3.0689634389,256.774929523,1
site-b-try-03,site-b,8,7,70.6875,62.3125,hit,3.06917187394,257.70761919,1
site-b-try-03,site-b,9,7,79.0625,62.3125,hit,3.00023666776,259.059120178,1
site-b-try-03,site-b,10,7,87.4375,62.3125,hit,2.97239931924,259.28168726,1
site-b-try-03,site-b,11,7,95.8125,62.3125,hit,2.98757136038,258.413870335,1
site-b-try-03,site-b,12,7,104.1875,62.3125,hit,3.04475247541,257.934871674,1
site-b-try-03,site-b,13,7,112.5625,62.3125,hit,3.08679129622,257.8097229,1
site-b-try-03,site-b,14,7,120.9375,62.3125,hit,3.05456560254,258.990056515,1
site-b-try-03,site-b,15,7,129.3125,62.3125,hit,3.05950785566,259.21487236,1
site-c-try-02,site-c,0,0,3.6875,3.6875,pole_excluded,,,0
site-c-try-02,site-c,1,0,12.0625,3.6875,pole_excluded,,,0
site-c-try-02,site-c,2,0,20.4375,3.6875,pole_excluded,,,0
site-c-try-02,site-c,3,0,28.8125,3.6875,pole_excluded,,,0
site-c-try-02,site-c,4,0,37.1875,3.6875,pole_excluded,,,0
site-c-try-02,site-c,5,0,45.5625,3.6875,pole_excluded,,,0
site-c-try-02,site-c,6,0,53.9375,3.6875,pole_excluded,,,0
site-c-try-02,site-c,7,0,62.3125,3.6875,pole_excluded,,,0
site-c-try-02,site-c,8,0,70.6875,3.6875,pole_excluded,,,0
site-c-try-02,site-c,9,0,79.0625,3.6875,pole_excluded,,,0
site-c-try-02,site-c,10,0,87.4375,3.6875,pole_excluded,,,0
site-c-try-02,site-c,11,0,95.8125,3.6875,pole_excluded,,,0
site-c-try-02,site-c,12,0,104.1875,3.6875,pole_excluded,,,0
site-c-try-02,site-c,13,0,112.5625,3.6875,pole_excluded,,,0
site-c-try-02,site-c,14,0,120.9375,3.6875,pole_excluded,,,0
site-c-try-02,site-c,15,0,129.3125,3.6875,pole_excluded,,,0
site-c-try-02,site-c,0,1,3.6875,12.0625,no_hit,,,0
site-c-try-02,site-c,1,1,12.0625,12.0625,hit,37.874585536,39.8343402147,0
site-c-try-02,site-c,2,1,20.4375,12.0625,hit,33.9588362987,42.4251561761,0
site-c-try-02,site-c,3,1,28.8125,12.0625,hit,35.7674035401,42.3487872481,0
site-c-try-02,site-c,4,1,37.1875,12.0625,no_hit,,,0
site-c-try-02,site-c,5,1,45.5625,12.0625,no_hit,,,0
site-c-try-02,site-c,6,1,53.9375,12.0625,no_hit,,,0
site-c-try-02,site-c,7,1,62.3125,12.0625,no_hit,,,0
site-c-try-02,site-c,8,1,70.6875,12.0625,no_hit,,,0
site-c-try-02,site-c,9,1,79.0625,12.0625,no_hit,,,0
site-c-try-02,site-c,10,1,87.4375,12.0625,no_hit,,,0
site-c-try-02,site-c,11,1,95.8125,12.0625,no_hit,,,0
site-c-try-02,site-c,12,1,104.1875,12.0625,no_hit,,,0
site-c-try-02,site-c,13,1,112.5625,12.0625,no_hit,,,0
site-c-try-02,site-c,14,1,120.9375,12.0625,no_hit,,,0
site-c-try-02,site-c,15,1,129.3125,12.0625,no_hit,,,0
site-c-try-02,site-c,0,2,3.6875,20.4375,hit,34.5298668832,43.9185311794,0
site-c-try-02,site-c,1,2,12.0625,20.4375,hit,25.1290578111,51.1782435179,0
site-c-try-02,site-c,2,2,20.4375,20.4375,hit,22.7609327784,53.4854162931,0
site-c-try-02,site-c,3,2,28.8125,20.4375,hit,23.9490522747,51.9065856934,0
site-c-try-02,site-c,4,2,37.1875,20.4375,no_hit,,,0
site-c-try-02,site-c,5,2,45.5625,20.4375,no_hit,,,0
site-c-try-02,site-c,6,2,53.9375,20.4375,no_hit,,,0
site-c-try-02,site-c,7,2,62.3125,20.4375,no_hit,,,0
site-c-try-02,site-c,8,2,70.6875,20.4375,no_hit,,,0
site-c-try-02,site-c,9,2,79.0625,20.4375,hit,39.559785291,28.547267884,0
site-c-try-02,site-c,10,2,87.4375,20.4375,hit,39.8640724601,27.4881904125,0
site-c-try-02,site-c,11,2,95.8125,20.4375,no_hit,,,0
site-c-try-02,site-c,12,2,104.1875,20.4375,no_hit,,,0
site-c-try-02,site-c,13,2,112.5625,20.4375,hit,36.2914976588,34.9813593626,0
site-c-try-02,site-c,14,2,120.9375,20.4375,hit,32.7879312836,38.2564427257,0
site-c-try-02,site-c,15,2,129.3125,20.4375,hit,34.4118012499,39.0918332338,0
site-c-try-02,site-c,0,3,3.6875,28.8125,hit,29.0278938328,48.4610729814,0
site-c-try-02,site-c,1,3,12.0625,28.8125,hit,21.4841729753,56.790892899,0
site-c-try-02,site-c,2,3,20.4375,28.8125,hit,19.364536117,59.5709524751,1
site-c-try-02,site-c,3,3,28.8125,28.8125,hit,20.3846034607,58.3509426117,0
site-c-try-02,site-c,4,3,37.1875,28.8125,hit,68.0542316299,19.5853281617,0
site-c-try-02,site-c,5,3,45.5625,28.8125,hit,69.3540590269,19.5566126704,0
site-c-try-02,site-c,6,3,53.9375,28.8125,hit,66.0189047824,19.0980733037,0
site-c-try-02,site-c,7,3,62.3125,28.8125,hit,47.8208030931,20.2705232203,0
site-c-try-02,site-c,8,3,70.6875,28.8125,no_hit,,,0
site-c-try-02,site-c,9,3,79.0625,28.8125,hit,33.5187102663,32.7413928509,0
site-c-try-02,site-c,10,3,87.4375,28.8125,hit,33.2799160471,32.5215508342,0
site-c-try-02,site-c,11,3,95.8125,28.8125,hit,79.1155582325,15.612936914,0
site-c-try-02,site-c,12,3,104.1875,28.8125,hit,89.3370714424,14.4377019405,0
site-c-try-02,site-c,13,3,112.5625,28.8125,hit,30.7326562185,40.9848814607,0
site-c-try-02,site-c,14,3,120.9375,28.8125,hit,27.8001897004,43.6671651006,0
site-c-try-02,site-c,15,3,129.3125,28.8125,hit,29.1933869214,44.6947303414,0
site-c-try-02,site-c,0,4,3.6875,37.1875,hit,28.9865574607,49.0890966654,0
site-c-try-02,site-c,1,4,12.0625,37.1875,hit,21.4792913503,58.0004662871,0
site-c-try-02,site-c,2,4,20.4375,37.1875,hit,19.1240880941,60.7623888254,1
site-c-try-02,site-c,3,4,28.8125,37.1875,hit,20.2326089971,59.2970840335,0
site-c-try-02,site-c,4,4,37.1875,37.1875,hit,53.1157629149,33.9166523814,0
site-c-try-02,site-c,5,4,45.5625,37.1875,hit,48.0577085172,34.3452602625,0
site-c-try-02,site-c,6,4,53.9375,37.1875,hit,43.1529499695,35.1456121206,0
site-c-try-02,site-c,7,4,62.3125,37.1875,hit,45.6701187871,34.295147419,0
site-c-try-02,site-c,8,4,70.6875,37.1875,hit,16.730431333,48.8772559166,1
site-c-try-02,site-c,9,4,79.0625,37.1875,hit,15.0604126661,36.9358837008,1
site-c-try-02,site-c,10,4,87.4375,37.1875,hit,15.1240122816,38.4215468764,1
site-c-try-02,site-c,11,4,95.8125,37.1875,hit,81.7055491957,22.1493031085,0
site-c-try-02,site-c,12,4,104.1875,37.1875,hit,60.3872893953,18.817771703,0
site-c-try-02,site-c,13,4,112.5625,37.1875,hit,30.6003298074,42.5850014091,0
site-c-try-02,site-c,14,4,120.9375,37.1875,hit,27.815766893,46.0368475914,0
site-c-try-02,site-c,15,4,129.3125,37.1875,hit,29.1037554946,46.4224407673,0
site-c-try-02,site-c,0,5,3.6875,45.5625,hit,19.1774635935,58.4293776155,1
site-c-try-02,site-c,1,5,12.0625,45.5625,hit,18.9740110399,60.8802897334,1
site-c-try-02,site-c,2,5,20.4375,45.5625,hit,18.9846102075,61.6514310241,1
site-c-try-02,site-c,3,5,28.8125,45.5625,hit,19.1065046101,60.3884657025,1
site-c-try-02,site-c,4,5,37.1875,45.5625,hit,18.850532105,56.9407138228,1
site-c-try-02,site-c,5,5,45.5625,45.5625,hit,12.5985171476,112.980558038,1
site-c-try-02,site-c,6,5,53.9375,45.5625,hit,12.7710246757,110.986488104,1
site-c-try-02,site-c,7,5,62.3125,45.5625,hit,11.324258406,110.532105446,1
site-c-try-02,site-c,8,5,70.6875,45.5625,hit,9.73101790618,101.484265685,1
site-c-try-02,site-c,9,5,79.0625,45.5625,hit,9.8101231952,102.699040771,1
site-c-try-02,site-c,10,5,87.4375,45.5625,hit,9.75909362361,104.594859838,1
site-c-try-02,site-c,11,5,95.8125,45.5625,hit,9.80651507651,105.781651378,1
site-c-try-02,site-c,12,5,104.1875,45.5625,hit,9.91867410753,53.4732596278,1
site-c-try-02,site-c,13,5,112.5625,45.5625,hit,19.4861940636,47.5024883151,1
site-c-try-02,site-c,14,5,120.9375,45.5625,hit,30.2409154498,48.2931994796,0
site-c-try-02,site-c,15,5,129.3125,45.5625,hit,29.3921190325,51.0347957015,0
site-c-try-02,site-c,0,6,3.6875,53.9375,hit,8.36598375353,156.842273712,1
site-c-try-02,site-c,1,6,12.0625,53.9375,hit,8.36191699161,159.335227489,1
site-c-try-02,site-c,2,6,20.4375,53.9375,hit,8.35760547991,160.176793575,1
site-c-try-02,site-c,3,6,28.8125,53.9375,hit,8.55081130713,161.981146097,1
site-c-try-02,site-c,4,6,37.1875,53.9375,hit,8.54784030853,156.792829514,1
site-c-try-02,site-c,5,6,45.5625,53.9375,hit,8.54616086834,154.408720732,1
site-c-try-02,site-c,6,6,53.9375,53.9375,hit,8.36014193316,152.942171812,1
site-c-try-02,site-c,7,6,62.3125,53.9375,hit,8.36183339889,152.859685659,1
site-c-try-02,site-c,8,6,70.6875,53.9375,hit,7.76501353286,152.870670557,1
site-c-try-02,site-c,9,6,79.0625,53.9375,hit,7.10474240382,149.152163744,1
site-c-try-02,site-c,10,6,87.4375,53.9375,hit,6.84292276569,147.560685396,1
site-c-try-02,site-c,11,6,95.8125,53.9375,hit,6.97535686838,148.269515753,1
site-c-try-02,site-c,12,6,104.1875,53.9375,hit,7.52731583356,152.761285067,1
site-c-try-02,site-c,13,6,112.5625,53.9375,hit,8.37069366019,154.910455465,1
site-c-try-02,site-c,14,6,120.9375,53.9375,hit,8.37113422822,154.948439598,1
site-c-try-02,site-c,15,6,129.3125,53.9375,hit,8.36920479475,155.275389194,1
site-c-try-02,site-c,0,7,3.6875,62.3125,hit,7.24379777403,185.025830746,1
site-c-try-02,site-c,1,7,12.0625,62.3125,hit,7.23878435754,185.792921066,1
site-c-try-02,site-c,2,7,20.4375,62.3125,hit,7.22738161903,185.605938673,1
site-c-try-02,site-c,3,7,28.8125,62.3125,hit,7.21131566075,185.197700262,1
site-c-try-02,site-c,4,7,37.1875,62.3125,hit,7.19307773622,184.576287985,1
site-c-try-02,site-c,5,7,45.5625,62.3125,hit,7.17557108727,183.045001268,1
site-c-try-02,site-c,6,7,53.9375,62.3125,hit,7.16129825958,181.354007959,1
site-c-try-02,site-c,7,7,62.3125,62.3125,hit,7.15249144418,180.361829519,1
site-c-try-02,site-c,8,7,70.6875,62.3125,hit,7.15033606573,180.363329649,1
site-c-try-02,site-c,9,7,79.0625,62.3125,hit,7.15523652343,180.299351454,1
site-c-try-02,site-c,10,7,87.4375,62.3125,hit,7.16646078401,180.787797451,1
site-c-try-02,site-c,11,7,95.8125,62.3125,hit,7.18228801881,181.238891125,1
site-c-try-02,site-c,12,7,104.1875,62.3125,hit,7.20042500823,181.15527916,1
site-c-try-02,site-c,13,7,112.5625,62.3125,hit,7.21812220791,180.871611357,1
site-c-try-02,site-c,14,7,120.9375,62.3125,hit,7.23259158658,180.908720016,1
site-c-try-02,site-c,15,7,129.3125,62.3125,hit,7.24161227151,182.625833988,1
site-c-try-03,site-c,0,0,3.6875,3.6875,pole_excluded,,,0
site-c-try-03,site-c,1,0,12.0625,3.6875,pole_excluded,,,0
site-c-try-03,site-c,2,0,20.4375,3.6875,pole_excluded,,,0
site-c-try-03,site-c,3,0,28.8125,3.6875,pole_excluded,,,0
site-c-try-03,site-c,4,0,37.1875,3.6875,pole_excluded,,,0
site-c-try-03,site-c,5,0,45.5625,3.6875,pole_excluded,,,0
site-c-try-03,site-c,6,0,53.9375,3.6875,pole_excluded,,,0
site-c-try-03,site-c,7,0,62.3125,3.6875,pole_excluded,,,0
site-c-try-03,site-c,8,0,70.6875,3.6875,pole_excluded,,,0
site-c-try-03,site-c,9,0,79.0625,3.6875,pole_excluded,,,0
site-c-try-03,site-c,10,0,87.4375,3.6875,pole_excluded,,,0
site-c-try-03,site-c,11,0,95.8125,3.6875,pole_excluded,,,0
site-c-try-03,site-c,12,0,104.1875,3.6875,pole_excluded,,,0
site-c-try-03,site-c,13,0,112.5625,3.6875,pole_excluded,,,0
site-c-try-03,site-c,14,0,120.9375,3.6875,pole_excluded,,,0
site-c-try-03,site-c,15,0,129.3125,3.6875,pole_excluded,,,0
site-c-try-03,site-c,0,1,3.6875,12.0625,no_hit,,,0
site-c-try-03,site-c,1,1,12.0625,12.0625,no_hit,,,0
site-c-try-03,site-c,2,1,20.4375,12.0625,no_hit,,,0
site-c-try-03,site-c,3,1,28.8125,12.0625,no_hit,,,0
site-c-try-03,site-c,4,1,37.1875,12.0625,no_hit,,,0
site-c-try-03,site-c,5,1,45.5625,12.0625,no_hit,,,0
site-c-try-03,site-c,6,1,53.9375,12.0625,no_hit,,,0
site-c-try-03,site-c,7,1,62.3125,12.0625,no_hit,,,0
site-c-try-03,site-c,8,1,70.6875,12.0625,no_hit,,,0
site-c-try-03,site-c,9,1,79.0625,12.0625,hit,23.6047692708,78.3713839054,0
site-c-try-03,site-c,10,1,87.4375,12.0625,hit,13.7100263657,105.88413465,1
site-c-try-03,site-c,11,1,95.8125,12.0625,hit,10.8062885159,111.733277202,1
site-c-try-03,site-c,12,1,104.1875,12.0625,hit,10.237180609,108.245689392,1
site-c-try-03,site-c,13,1,112.5625,12.0625,no_hit,,,0
site-c-try-03,site-c,14,1,120.9375,12.0625,no_hit,,,0
site-c-try-03,site-c,15,1,129.3125,12.0625,no_hit,,,0
site-c-try-03,site-c,0,2,3.6875,20.4375,hit,44.3778917038,33.2926491499,0
site-c-try-03,site-c,1,2,12.0625,20.4375,hit,40.8147337148,33.0858239532,0
site-c-try-03,site-c,2,2,20.4375,20.4375,hit,54.9224473848,28.7259867787,0
site-c-try-03,site-c,3,2,28.8125,20.4375,hit,54.5655604322,39.0353734493,0
site-c-try-03,site-c,4,2,37.1875,20.4375,hit,51.4025055158,36.8842223287,0
site-c-try-03,site-c,5,2,45.5625,20.4375,no_hit,,,0
site-c-try-03,site-c,6,2,53.9375,20.4375,no_hit,,,0
site-c-try-03,site-c,7,2,62.3125,20.4375,no_hit,,,0
site-c-try-03,site-c,8,2,70.6875,20.4375,no_hit,,,0
site-c-try-03,site-c,9,2,79.0625,20.4375,hit,15.7465506665,98.4099968672,1
site-c-try-03,site-c,10,2,87.4375,20.4375,hit,9.11629901841,129.568575621,1
site-c-try-03,site-c,11,2,95.8125,20.4375,hit,7.20961889923,132.850631475,1
site-c-try-03,site-c,12,2,104.1875,20.4375,hit,6.89525672304,129.434009314,1
site-c-try-03,site-c,13,2,112.5625,20.4375,hit,67.3431387736,9.18969553709,0
site-c-try-03,site-c,14,2,120.9375,20.4375,no_hit,,,0
site-c-try-03,site-c,15,2,129.3125,20.4375,hit,91.8346836552,5.69264826924,0
site-c-try-03,site-c,0,3,3.6875,28.8125,hit,32.1018595566,34.0781798065,0
site-c-try-03,site-c,1,3,12.0625,28.8125,hit,34.4526978103,37.8786879182,0
site-c-try-03,site-c,2,3,20.4375,28.8125,hit,46.5919964178,33.5091139674,0
site-c-try-03,site-c,3,3,28.8125,28.8125,hit,46.1808438025,44.2507639527,0
site-c-try-03,site-c,4,3,37.1875,28.8125,hit,43.6831020442,41.3158590198,0
site-c-try-03,site-c,5,3,45.5625,28.8125,no_hit,,,0
site-c-try-03,site-c,6,3,53.9375,28.8125,hit,80.9748937107,13.5621692836,0
site-c-try-03,site-c,7,3,62.3125,28.8125,hit,53.9052629348,26.9139949977,0
site-c-try-03,site-c,8,3,70.6875,28.8125,hit,40.5954539265,34.6749441028,0
site-c-try-03,site-c,9,3,79.0625,28.8125,hit,13.4851721197,104.691090941,1
site-c-try-03,site-c,10,3,87.4375,28.8125,hit,7.7517589008,139.264252663,1
site-c-try-03,site-c,11,3,95.8125,28.8125,hit,6.15223566004,141.973667145,1
site-c-try-03,site-c,12,3,104.1875,28.8125,hit,5.86614575248,137.778135538,1
site-c-try-03,site-c,13,3,112.5625,28.8125,hit,54.5632468954,23.5499382019,0
site-c-try-03,site-c,14,3,120.9375,28.8125,no_hit,,,0
site-c-try-03,site-c,15,3,129.3125,28.8125,hit,71.8909109705,20.30633834,0
site-c-try-03,site-c,0,4,3.6875,37.1875,hit,32.1142285369,39.7296879888,0
site-c-try-03,site-c,1,4,12.0625,37.1875,hit,34.3133856187,40.2772368789,0
site-c-try-03,site-c,2,4,20.4375,37.1875,hit,46.4846429361,36.3706188798,0
site-c-try-03,site-c,3,4,28.8125,37.1875,hit,46.1973006206,45.7561685443,0
site-c-try-03,site-c,4,4,37.1875,37.1875,hit,43.4868823132,45.1430126429,0
site-c-try-03,site-c,5,4,45.5625,37.1875,hit,68.8430026469,49.1642693281,0
site-c-try-03,site-c,6,4,53.9375,37.1875,hit,53.1537434567,55.0926329494,0
site-c-try-03,site-c,7,4,62.3125,37.1875,hit,42.2525930394,52.7018477321,0
site-c-try-03,site-c,8,4,70.6875,37.1875,hit,39.6180815675,46.6941319704,0
site-c-try-03,site-c,9,4,79.0625,37.1875,hit,13.3253950622,102.317466378,1
site-c-try-03,site-c,10,4,87.4375,37.1875,hit,7.77376685729,138.043828249,1
site-c-try-03,site-c,11,4,95.8125,37.1875,hit,6.12759596325,140.781296015,1
site-c-try-03,site-c,12,4,104.1875,37.1875,hit,5.79995543588,134.888977051,1
site-c-try-03,site-c,13,4,112.5625,37.1875,hit,52.5893673112,28.2992778718,0
site-c-try-03,site-c,14,4,120.9375,37.1875,hit,70.3741353956,26.2965184152,0
site-c-try-03,site-c,15,4,129.3125,37.1875,hit,61.1343384486,29.7155022323,0
site-c-try-03,site-c,0,5,3.6875,45.5625,hit,19.3246186053,58.4338959455,1
site-c-try-03,site-c,1,5,12.0625,45.5625,hit,11.92042381,131.878477812,1
site-c-try-03,site-c,2,5,20.4375,45.5625,hit,9.30098949289,138.47641921,1
site-c-try-03,site-c,3,5,28.8125,45.5625,hit,8.15072252752,143.913892031,1
site-c-try-03,site-c,4,5,37.1875,45.5625,hit,7.90456296274,146.969802618,1
site-c-try-03,site-c,5,5,45.5625,45.5625,hit,8.43633044822,144.338329554,1
site-c-try-03,site-c,6,5,53.9375,45.5625,hit,9.85416322966,137.041665792,1
site-c-try-03,site-c,7,5,62.3125,45.5625,hit,12.2093536802,125.445310354,1
site-c-try-03,site-c,8,5,70.6875,45.5625,hit,38.7460082235,68.8135888577,0
site-c-try-03,site-c,9,5,79.0625,45.5625,hit,15.5273717896,93.6837278605,1
site-c-try-03,site-c,10,5,87.4375,45.5625,hit,9.17858297808,127.149989605,1
site-c-try-03,site-c,11,5,95.8125,45.5625,hit,7.27655932163,130.04190588,1
site-c-try-03,site-c,12,5,104.1875,45.5625,hit,6.87140892652,124.838200927,1
site-c-try-03,site-c,13,5,112.5625,45.5625,hit,25.5425314761,63.3947849274,0
site-c-try-03,site-c,14,5,120.9375,45.5625,hit,25.3383469172,61.73218292,0
site-c-try-03,site-c,15,5,129.3125,45.5625,hit,25.3384538521,59.7686769962,0
site-c-try-03,site-c,0,6,3.6875,53.9375,hit,16.3528792084,82.5450565815,1
site-c-try-03,site-c,1,6,12.0625,53.9375,hit,10.1332801381,154.980721712,1
site-c-try-03,site-c,2,6,20.4375,53.9375,hit,8.67536792894,162.530413628,1
site-c-try-03,site-c,3,6,28.8125,53.9375,hit,8.09103451683,166.24757123,1
site-c-try-03,site-c,4,6,37.1875,53.9375,hit,7.88025125331,164.644380808,1
site-c-try-03,site-c,5,6,45.5625,53.9375,hit,8.20568255817,161.091276646,1
site-c-try-03,site-c,6,6,53.9375,53.9375,hit,8.98374593496,151.093987226,1
site-c-try-03,site-c,7,6,62.3125,53.9375,hit,10.6667263068,129.86440897,1
site-c-try-03,site-c,8,6,70.6875,53.9375,hit,14.7525587981,88.3344101906,1
site-c-try-03,site-c,9,6,79.0625,53.9375,hit,16.7290320845,90.4872349501,1
site-c-try-03,site-c,10,6,87.4375,53.9375,hit,13.5254963221,106.504508257,1
site-c-try-03,site-c,11,6,95.8125,53.9375,hit,10.7655116991,108.340454221,1
site-c-try-03,site-c,12,6,104.1875,53.9375,hit,9.74443369528,104.5417099,1
site-c-try-03,site-c,13,6,112.5625,53.9375,hit,16.846138234,85.106831193,1
site-c-try-03,site-c,14,6,120.9375,53.9375,hit,16.9818897514,83.5927919149,1
site-c-try-03,site-c,15,6,129.3125,53.9375,hit,16.9127578275,82.2140045166,1
site-c-try-03,site-c,0,7,3.6875,62.3125,hit,14.0818729796,97.9836044312,1
site-c-try-03,site-c,1,7,12.0625,62.3125,hit,11.938519405,104.960093498,1
site-c-try-03,site-c,2,7,20.4375,62.3125,hit,11.706121288,150.814017534,1
site-c-try-03,site-c,3,7,28.8125,62.3125,hit,9.85868258649,157.775436401,1
site-c-try-03,site-c,4,7,37.1875,62.3125,hit,9.62415848471,157.346827984,1
site-c-try-03,site-c,5,7,45.5625,62.3125,hit,10.1748431873,140.880650759,1
site-c-try-03,site-c,6,7,53.9375,62.3125,hit,13.2755320645,114.216325998,1
site-c-try-03,site-c,7,7,62.3125,62.3125,hit,14.1235964525,104.346886873,1
site-c-try-03,site-c,8,7,70.6875,62.3125,hit,14.257543544,102.103043318,1
site-c-try-03,site-c,9,7,79.0625,62.3125,hit,14.1751991397,102.817349434,1
site-c-try-03,site-c,10,7,87.4375,62.3125,hit,8.01997915778,104.188535094,1
site-c-try-03,site-c,11,7,95.8125,62.3125,hit,8.14415470459,103.745224118,1
site-c-try-03,site-c,12,7,104.1875,62.3125,hit,8.36213691031,102.174649596,1
site-c-try-03,site-c,13,7,112.5625,62.3125,hit,8.60473579863,99.541592598,1
site-c-try-03,site-c,14,7,120.9375,62.3125,hit,10.7407767624,98.1259964705,1
site-c-try-03,site-c,15,7,129.3125,62.3125,hit,14.1978796328,97.2142653465,1
site-c-try-04,site-c,0,0,3.6875,3.6875,pole_excluded,,,0
site-c-try-04,site-c,1,0,12.0625,3.6875,pole_excluded,,,0
site-c-try-04,site-c,2,0,20.4375,3.6875,pole_excluded,,,0
site-c-try-04,site-c,3,0,28.8125,3.6875,pole_excluded,,,0
site-c-try-04,site-c,4,0,37.1875,3.6875,pole_excluded,,,0
site-c-try-04,site-c,5,0,45.5625,3.6875,pole_excluded,,,0
site-c-try-04,site-c,6,0,53.9375,3.6875,pole_excluded,,,0
site-c-try-04,site-c,7,0,62.3125,3.6875,pole_excluded,,,0
site-c-try-04,site-c,8,0,70.6875,3.6875,pole_excluded,,,0
site-c-try-04,site-c,9,0,79.0625,3.6875,pole_excluded,,,0
site-c-try-04,site-c,10,0,87.4375,3.6875,pole_excluded,,,0
site-c-try-04,site-c,11,0,95.8125,3.6875,pole_excluded,,,0
site-c-try-04,site-c,12,0,104.1875,3.6875,pole_excluded,,,0
site-c-try-04,site-c,13,0,112.5625,3.6875,pole_excluded,,,0
site-c-try-04,site-c,14,0,120.9375,3.6875,pole_excluded,,,0
site-c-try-04,site-c,15,0,129.3125,3.6875,pole_excluded,,,0
site-c-try-04,site-c,0,1,3.6875,12.0625,no_hit,,,0
site-c-try-04,site-c,1,1,12.0625,12.0625,hit,24.7122298038,52.0450253487,0
site-c-try-04,site-c,2,1,20.4375,12.0625,hit,31.7605166692,43.2116146088,0
site-c-try-04,site-c,3,1,28.8125,12.0625,no_hit,,,0
site-c-try-04,site-c,4,1,37.1875,12.0625,no_hit,,,0
site-c-try-04,site-c,5,1,45.5625,12.0625,no_hit,,,0
site-c-try-04,site-c,6,1,53.9375,12.0625,no_hit,,,0
site-c-try-04,site-c,7,1,62.3125,12.0625,no_hit,,,0
site-c-try-04,site-c,8,1,70.6875,12.0625,no_hit,,,0
site-c-try-04,site-c,9,1,79.0625,12.0625,hit,34.4155245951,41.8573945761,0
site-c-try-04,site-c,10,1,87.4375,12.0625,no_hit,,,0
site-c-try-04,site-c,11,1,95.8125,12.0625,no_hit,,,0
site-c-try-04,site-c,12,1,104.1875,12.0625,no_hit,,,0
site-c-try-04,site-c,13,1,112.5625,12.0625,no_hit,,,0
site-c-try-04,site-c,14,1,120.9375,12.0625,no_hit,,,0
site-c-try-04,site-c,15,1,129.3125,12.0625,no_hit,,,0
site-c-try-04,site-c,0,2,3.6875,20.4375,no_hit,,,0
site-c-try-04,site-c,1,2,12.0625,20.4375,hit,16.5833727189,69.1338450909,1
site-c-try-04,site-c,2,2,20.4375,20.4375,hit,21.1470354215,56.4403192997,0
site-c-try-04,site-c,3,2,28.8125,20.4375,hit,42.3229389777,38.2990034819,0
site-c-try-04,site-c,4,2,37.1875,20.4375,hit,54.7788937098,33.3337196112,0
site-c-try-04,site-c,5,2,45.5625,20.4375,hit,60.6517072254,28.6107083857,0
site-c-try-04,site-c,6,2,53.9375,20.4375,no_hit,,,0
site-c-try-04,site-c,7,2,62.3125,20.4375,no_hit,,,0
site-c-try-04,site-c,8,2,70.6875,20.4375,no_hit,,,0
site-c-try-04,site-c,9,2,79.0625,20.4375,hit,22.859747561,55.0283566713,0
site-c-try-04,site-c,10,2,87.4375,20.4375,hit,30.8927390057,47.1241823435,0
site-c-try-04,site-c,11,2,95.8125,20.4375,hit,55.7801545274,25.482524842,0
site-c-try-04,site-c,12,2,104.1875,20.4375,hit,56.435373091,24.0915675163,0
site-c-try-04,site-c,13,2,112.5625,20.4375,no_hit,,,0
site-c-try-04,site-c,14,2,120.9375,20.4375,hit,74.5448013023,19.3197465837,0
site-c-try-04,site-c,15,2,129.3125,20.4375,hit,66.652988234,21.7459799051,0
site-c-try-04,site-c,0,3,3.6875,28.8125,no_hit,,,0
site-c-try-04,site-c,1,3,12.0625,28.8125,hit,14.1630515654,79.3056464195,1
site-c-try-04,site-c,2,3,20.4375,28.8125,hit,18.0327228863,64.6536784172,1
site-c-try-04,site-c,3,3,28.8125,28.8125,hit,36.4435433219,43.4457792044,0
site-c-try-04,site-c,4,3,37.1875,28.8125,hit,46.3852271812,37.3514732718,0
site-c-try-04,site-c,5,3,45.5625,28.8125,hit,51.3728874415,32.1177689135,0
site-c-try-04,site-c,6,3,53.9375,28.8125,no_hit,,,0
site-c-try-04,site-c,7,3,62.3125,28.8125,hit,86.2631659673,9.74625566602,0
site-c-try-04,site-c,8,3,70.6875,28.8125,hit,59.972124241,14.5595794916,0
site-c-try-04,site-c,9,3,79.0625,28.8125,hit,19.393970445,62.2297975421,1
site-c-try-04,site-c,10,3,87.4375,28.8125,hit,26.3103601743,53.8400464654,0
site-c-try-04,site-c,11,3,95.8125,28.8125,hit,45.5614669647,31.6057418287,0
site-c-try-04,site-c,12,3,104.1875,28.8125,hit,46.0769244735,30.8274073601,0
site-c-try-04,site-c,13,3,112.5625,28.8125,hit,55.2440649698,21.9586552382,0
site-c-try-04,site-c,14,3,120.9375,28.8125,hit,57.6339110112,24.8405432999,0
site-c-try-04,site-c,15,3,129.3125,28.8125,hit,52.1778291066,27.195569247,0
site-c-try-04,site-c,0,4,3.6875,37.1875,hit,62.2484142486,30.669488728,0
site-c-try-04,site-c,1,4,12.0625,37.1875,hit,14.2252037336,81.3526237011,1
site-c-try-04,site-c,2,4,20.4375,37.1875,hit,17.9590361903,67.3207976818,1
site-c-try-04,site-c,3,4,28.8125,37.1875,hit,36.114415796,45.6190593243,0
site-c-try-04,site-c,4,4,37.1875,37.1875,hit,46.3999940456,39.7658820152,0
site-c-try-04,site-c,5,4,45.5625,37.1875,hit,51.181659272,40.2047703862,0
site-c-try-04,site-c,6,4,53.9375,37.1875,hit,16.7169613216,48.1869059801,1
site-c-try-04,site-c,7,4,62.3125,37.1875,hit,26.443081202,35.0100544691,0
site-c-try-04,site-c,8,4,70.6875,37.1875,hit,58.9020056174,31.9066841304,0
site-c-try-04,site-c,9,4,79.0625,37.1875,hit,19.4059086388,64.5110197067,1
site-c-try-04,site-c,10,4,87.4375,37.1875,hit,26.1819740284,56.5992103219,0
site-c-try-04,site-c,11,4,95.8125,37.1875,hit,44.1934143701,36.6881982684,0
site-c-try-04,site-c,12,4,104.1875,37.1875,hit,44.6783621293,34.922138989,0
site-c-try-04,site-c,13,4,112.5625,37.1875,hit,53.2456703441,29.0415311754,0
site-c-try-04,site-c,14,4,120.9375,37.1875,hit,53.6321512725,29.9339254498,0
site-c-try-04,site-c,15,4,129.3125,37.1875,hit,48.9013567274,31.6711944342,0
site-c-try-04,site-c,0,5,3.6875,45.5625,hit,25.7773312332,55.9175488949,0
site-c-try-04,site-c,1,5,12.0625,45.5625,hit,16.6257212651,77.3876624107,1
site-c-try-04,site-c,2,5,20.4375,45.5625,hit,18.8955541635,66.319591403,1
site-c-try-04,site-c,3,5,28.8125,45.5625,hit,32.416126848,58.9676340818,0
site-c-try-04,site-c,4,5,37.1875,45.5625,hit,25.4507853341,58.5739804506,0
site-c-try-04,site-c,5,5,45.5625,45.5625,hit,17.4977765585,72.9711489677,1
site-c-try-04,site-c,6,5,53.9375,45.5625,hit,13.235899207,85.9740207195,1
site-c-try-04,site-c,7,5,62.3125,45.5625,hit,16.6535816006,74.5795578957,1
site-c-try-04,site-c,8,5,70.6875,45.5625,hit,21.8515898242,59.167997241,0
site-c-try-04,site-c,9,5,79.0625,45.5625,hit,19.3549084358,64.0759208798,1
site-c-try-04,site-c,10,5,87.4375,45.5625,hit,25.1625513425,57.8285676241,0
site-c-try-04,site-c,11,5,95.8125,45.5625,hit,25.6082232446,56.3809679747,0
site-c-try-04,site-c,12,5,104.1875,45.5625,hit,25.6623804603,56.1302467585,0
site-c-try-04,site-c,13,5,112.5625,45.5625,hit,23.4720904198,55.375657618,0
site-c-try-04,site-c,14,5,120.9375,45.5625,hit,23.0036913386,55.2309767008,0
site-c-try-04,site-c,15,5,129.3125,45.5625,hit,25.5120940251,54.9943636656,0
site-c-try-04,site-c,0,6,3.6875,53.9375,hit,17.262371296,78.0177221298,1
site-c-try-04,site-c,1,6,12.0625,53.9375,hit,11.0356794875,89.3828097582,1
site-c-try-04,site-c,2,6,20.4375,53.9375,hit,9.43186994453,95.1414912939,1
site-c-try-04,site-c,3,6,28.8125,53.9375,hit,9.26887713822,97.3544903994,1
site-c-try-04,site-c,4,6,37.1875,53.9375,hit,10.3648212157,95.0946856737,1
site-c-try-04,site-c,5,6,45.5625,53.9375,hit,17.0125199979,81.969717145,1
site-c-try-04,site-c,6,6,53.9375,53.9375,hit,14.9933894105,88.1196722984,1
site-c-try-04,site-c,7,6,62.3125,53.9375,hit,16.5983836022,80.8551323414,1
site-c-try-04,site-c,8,6,70.6875,53.9375,hit,17.0407086974,78.8099350929,1
site-c-try-04,site-c,9,6,79.0625,53.9375,hit,17.1894226293,78.1784572601,1
site-c-try-04,site-c,10,6,87.4375,53.9375,hit,17.4038313527,77.4505562782,1
site-c-try-04,site-c,11,6,95.8125,53.9375,hit,17.0534572436,77.1070024967,1
site-c-try-04,site-c,12,6,104.1875,53.9375,hit,17.0652945254,77.1465696096,1
site-c-try-04,site-c,13,6,112.5625,53.9375,hit,17.0746902399,77.0439622402,1
site-c-try-04,site-c,14,6,120.9375,53.9375,hit,17.0800794642,76.9830948114,1
site-c-try-04,site-c,15,6,129.3125,53.9375,hit,17.180168487,76.9041560888,1
site-c-try-04,site-c,0,7,3.6875,62.3125,hit,14.459413057,93.396273613,1
site-c-try-04,site-c,1,7,12.0625,62.3125,hit,14.5214296784,95.1621751785,1
site-c-try-04,site-c,2,7,20.4375,62.3125,hit,10.7700905723,97.4010704756,1
site-c-try-04,site-c,3,7,28.8125,62.3125,hit,10.8317200908,99.0601298809,1
site-c-try-04,site-c,4,7,37.1875,62.3125,hit,11.8060017114,97.6840552092,1
site-c-try-04,site-c,5,7,45.5625,62.3125,hit,12.7775570837,95.8000599146,1
site-c-try-04,site-c,6,7,53.9375,62.3125,hit,14.7055605959,94.5295821428,1
site-c-try-04,site-c,7,7,62.3125,62.3125,hit,14.516802607,93.2417266369,1
site-c-try-04,site-c,8,7,70.6875,62.3125,hit,14.4455032314,92.2773360014,1
site-c-try-04,site-c,9,7,79.0625,62.3125,hit,14.4476164356,91.3843095303,1
site-c-try-04,site-c,10,7,87.4375,62.3125,hit,14.4504812556,91.2348712683,1
site-c-try-04,site-c,11,7,95.8125,62.3125,hit,14.453731641,91.2691248655,1
site-c-try-04,site-c,12,7,104.1875,62.3125,hit,14.4566567081,91.4501106739,1
site-c-try-04,site-c,13,7,112.5625,62.3125,hit,14.4590847152,91.7877188921,1
site-c-try-04,site-c,14,7,120.9375,62.3125,hit,14.4604312534,92.1419881582,1
site-c-try-04,site-c,15,7,129.3125,62.3125,hit,14.4605321869,92.2709344625,1
site-d-try-02,site-d,0,0,3.6875,3.6875,pole_excluded,,,0
site-d-try-02,site-d,1,0,12.0625,3.6875,pole_excluded,,,0
site-d-try-02,site-d,2,0,20.4375,3.6875,pole_excluded,,,0
site-d-try-02,site-d,3,0,28.8125,3.6875,pole_excluded,,,0
site-d-try-02,site-d,4,0,37.1875,3.6875,pole_excluded,,,0
site-d-try-02,site-d,5,0,45.5625,3.6875,pole_excluded,,,0
site-d-try-02,site-d,6,0,53.9375,3.6875,pole_excluded,,,0
site-d-try-02,site-d,7,0,62.3125,3.6875,pole_excluded,,,0
site-d-try-02,site-d,8,0,70.6875,3.6875,pole_excluded,,,0
site-d-try-02,site-d,9,0,79.0625,3.6875,pole_excluded,,,0
site-d-try-02,site-d,10,0,87.4375,3.6875,pole_excluded,,,0
site-d-try-02,site-d,11,0,95.8125,3.6875,pole_excluded,,,0
site-d-try-02,site-d,12,0,104.1875,3.6875,pole_excluded,,,0
site-d-try-02,site-d,13,0,112.5625,3.6875,pole_excluded,,,0
site-d-try-02,site-d,14,0,120.9375,3.6875,pole_excluded,,,0
site-d-try-02,site-d,15,0,129.3125,3.6875,pole_excluded,,,0
site-d-try-02,site-d,0,1,3.6875,12.0625,no_hit,,,0
site-d-try-02,site-d,1,1,12.0625,12.0625,no_hit,,,0
site-d-try-02,site-d,2,1,20.4375,12.0625,no_hit,,,0
site-d-try-02,site-d,3,1,28.8125,12.0625,hit,47.5840271921,7.42277920991,0
site-d-try-02,site-d,4,1,37.1875,12.0625,hit,55.2553012819,1.53214970976,0
site-d-try-02,site-d,5,1,45.5625,12.0625,hit,82.5430972511,16.378507942,0
site-d-try-02,site-d,6,1,53.9375,12.0625,no_hit,,,0
site-d-try-02,site-d,7,1,62.3125,12.0625,no_hit,,,0
site-d-try-02,site-d,8,1,70.6875,12.0625,no_hit,,,0
site-d-try-02,site-d,9,1,79.0625,12.0625,hit,34.3381567261,48.5455937386,0
site-d-try-02,site-d,10,1,87.4375,12.0625,hit,43.7354247096,51.6674556136,0
site-d-try-02,site-d,11,1,95.8125,12.0625,no_hit,,,0
site-d-try-02,site-d,12,1,104.1875,12.0625,no_hit,,,0
site-d-try-02,site-d,13,1,112.5625,12.0625,no_hit,,,0
site-d-try-02,site-d,14,1,120.9375,12.0625,no_hit,,,0
site-d-try-02,site-d,15,1,129.3125,12.0625,no_hit,,,0
site-d-try-02,site-d,0,2,3.6875,20.4375,hit,56.1785344996,59.4600101113,0
site-d-try-02,site-d,1,2,12.0625,20.4375,hit,37.1449843967,32.5813170671,0
site-d-try-02,site-d,2,2,20.4375,20.4375,hit,31.1424170974,34.6148047447,0
site-d-try-02,site-d,3,2,28.8125,20.4375,hit,32.4509895262,32.7990046144,0
site-d-try-02,site-d,4,2,37.1875,20.4375,hit,37.1672009771,18.3895610273,0
site-d-try-02,site-d,5,2,45.5625,20.4375,hit,55.5345642989,23.9276496768,0
site-d-try-02,site-d,6,2,53.9375,20.4375,no_hit,,,0
site-d-try-02,site-d,7,2,62.3125,20.4375,no_hit,,,0
site-d-try-02,site-d,8,2,70.6875,20.4375,hit,32.7891573253,44.485132575,0
site-d-try-02,site-d,9,2,79.0625,20.4375,hit,22.9442066812,59.0848377943,0
site-d-try-02,site-d,10,2,87.4375,20.4375,hit,20.9866453421,62.541344583,0
site-d-try-02,site-d,11,2,95.8125,20.4375,no_hit,,,0
site-d-try-02,site-d,12,2,104.1875,20.4375,no_hit,,,0
site-d-try-02,site-d,13,2,112.5625,20.4375,no_hit,,,0
site-d-try-02,site-d,14,2,120.9375,20.4375,no_hit,,,0
site-d-try-02,site-d,15,2,129.3125,20.4375,no_hit,,,0
site-d-try-02,site-d,0,3,3.6875,28.8125,hit,47.7140641445,56.3425691128,0
site-d-try-02,site-d,1,3,12.0625,28.8125,hit,31.417842296,38.4531582594,0
site-d-try-02,site-d,2,3,20.4375,28.8125,hit,26.4060676572,41.2387340665,0
site-d-try-02,site-d,3,3,28.8125,28.8125,hit,27.5229359546,39.6932672858,0
site-d-try-02,site-d,4,3,37.1875,28.8125,hit,31.5447132096,31.6616949737,0
site-d-try-02,site-d,5,3,45.5625,28.8125,hit,46.971196325,37.1676493883,0
site-d-try-02,site-d,6,3,53.9375,28.8125,no_hit,,,0
site-d-try-02,site-d,7,3,62.3125,28.8125,hit,66.3932396498,22.3567089438,0
site-d-try-02,site-d,8,3,70.6875,28.8125,hit,27.7975327499,50.1827837229,0
site-d-try-02,site-d,9,3,79.0625,28.8125,hit,18.0113633677,66.5951435566,1
site-d-try-02,site-d,10,3,87.4375,28.8125,hit,15.249521583,70.5711923838,1
site-d-try-02,site-d,11,3,95.8125,28.8125,hit,15.5663795519,41.802236259,1
site-d-try-02,site-d,12,3,104.1875,28.8125,hit,18.9124944773,28.7104718387,1
site-d-try-02,site-d,13,3,112.5625,28.8125,hit,43.0804109903,27.0912448168,0
site-d-try-02,site-d,14,3,120.9375,28.8125,no_hit,,,0
site-d-try-02,site-d,15,3,129.3125,28.8125,no_hit,,,0
site-d-try-02,site-d,0,4,3.6875,37.1875,hit,19.5202177782,63.3668087125,1
site-d-try-02,site-d,1,4,12.0625,37.1875,hit,20.0363651419,61.9444552064,0
site-d-try-02,site-d,2,4,20.4375,37.1875,hit,19.8743860437,60.7285943627,1
site-d-try-02,site-d,3,4,28.8125,37.1875,hit,19.974844094,60.0625092983,1
site-d-try-02,site-d,4,4,37.1875,37.1875,hit,19.2876170864,58.9025902748,1
site-d-try-02,site-d,5,4,45.5625,37.1875,hit,19.307801786,59.3984022141,1
site-d-try-02,site-d,6,4,53.9375,37.1875,hit,17.2817471554,58.0565684438,1
site-d-try-02,site-d,7,4,62.3125,37.1875,hit,13.7474390865,58.8343681693,1
site-d-try-02,site-d,8,4,70.6875,37.1875,hit,18.0778097298,63.2643836141,1
site-d-try-02,site-d,9,4,79.0625,37.1875,hit,17.5397545639,74.8140034676,1
site-d-try-02,site-d,10,4,87.4375,37.1875,hit,15.285004844,76.8976314068,1
site-d-try-02,site-d,11,4,95.8125,37.1875,hit,15.5693151575,74.8189502954,1
site-d-try-02,site-d,12,4,104.1875,37.1875,hit,19.6119051842,64.0463901758,1
site-d-try-02,site-d,13,4,112.5625,37.1875,hit,19.6120000692,72.7644047737,1
site-d-try-02,site-d,14,4,120.9375,37.1875,hit,18.6220162487,62.6407698989,1
site-d-try-02,site-d,15,4,129.3125,37.1875,hit,16.4424955836,62.0717927217,1
site-d-try-02,site-d,0,5,3.6875,45.5625,hit,6.23722418733,128.196503043,1
site-d-try-02,site-d,1,5,12.0625,45.5625,hit,6.08153801414,127.343010068,1
site-d-try-02,site-d,2,5,20.4375,45.5625,hit,6.1006220363,126.230662584,1
site-d-try-02,site-d,3,5,28.8125,45.5625,hit,6.06273337919,124.850631356,1
site-d-try-02,site-d,4,5,37.1875,45.5625,hit,5.99955623406,124.196531773,1
site-d-try-02,site-d,5,5,45.5625,45.5625,hit,6.05967878867,124.666345119,1
site-d-try-02,site-d,6,5,53.9375,45.5625,hit,6.29974651626,124.761835814,1
site-d-try-02,site-d,7,5,62.3125,45.5625,hit,6.54215487858,125.757027507,1
site-d-try-02,site-d,8,5,70.6875,45.5625,hit,6.57238597292,127.167335629,1
site-d-try-02,site-d,9,5,79.0625,45.5625,hit,6.66714002027,128.441874027,1
site-d-try-02,site-d,10,5,87.4375,45.5625,hit,6.56128672034,129.52610755,1
site-d-try-02,site-d,11,5,95.8125,45.5625,hit,6.51971840367,129.998187065,1
site-d-try-02,site-d,12,5,104.1875,45.5625,hit,6.61421638268,130.008978844,1
site-d-try-02,site-d,13,5,112.5625,45.5625,hit,6.71627628168,130.084242105,1
site-d-try-02,site-d,14,5,120.9375,45.5625,hit,6.58459830797,129.488661051,1
site-d-try-02,site-d,15,5,129.3125,45.5625,hit,6.23466965859,128.544543028,1
site-d-try-02,site-d,0,6,3.6875,53.9375,hit,4.02420321117,177.686616421,1
site-d-try-02,site-d,1,6,12.0625,53.9375,hit,3.9829263314,176.787645102,1
site-d-try-02,site-d,2,6,20.4375,53.9375,hit,3.97833540905,175.719034195,1
site-d-try-02,site-d,3,6,28.8125,53.9375,hit,4.01069816052,174.858536243,1
site-d-try-02,site-d,4,6,37.1875,53.9375,hit,4.07689450276,174.170820236,1
site-d-try-02,site-d,5,6,45.5625,53.9375,hit,4.16951689216,173.84774375,1
site-d-try-02,site-d,6,6,53.9375,53.9375,hit,4.27688842481,174.389083862,1
site-d-try-02,site-d,7,6,62.3125,53.9375,hit,4.38320601492,174.894932985,1
site-d-try-02,site-d,8,6,70.6875,53.9375,hit,4.49256649764,175.765377998,1
site-d-try-02,site-d,9,6,79.0625,53.9375,hit,4.50749451904,176.476756573,1
site-d-try-02,site-d,10,6,87.4375,53.9375,hit,4.48986926335,177.796918631,1
site-d-try-02,site-d,11,6,95.8125,53.9375,hit,4.49161381872,178.628472567,1
site-d-try-02,site-d,12,6,104.1875,53.9375,hit,4.51224624512,179.141081333,1
site-d-try-02,site-d,13,6,112.5625,53.9375,hit,4.4660274909,178.458426714,1
site-d-try-02,site-d,14,6,120.9375,53.9375,hit,4.32960948609,178.173460722,1
site-d-try-02,site-d,15,6,129.3125,53.9375,hit,4.15065878961,177.672703981,1
site-d-try-02,site-d,0,7,3.6875,62.3125,hit,3.53555882673,211.911387682,1
site-d-try-02,site-d,1,7,12.0625,62.3125,hit,3.52429277098,211.739733458,1
site-d-try-02,site-d,2,7,20.4375,62.3125,hit,3.52301850545,211.172096491,1
site-d-try-02,site-d,3,7,28.8125,62.3125,hit,3.53189648537,210.67926693,1
site-d-try-02,site-d,4,7,37.1875,62.3125,hit,3.54974241679,209.846896648,1
site-d-try-02,site-d,5,7,45.5625,62.3125,hit,3.57400101245,209.405437231,1
site-d-try-02,site-d,6,7,53.9375,62.3125,hit,3.60118318834,209.462254286,1
site-d-try-02,site-d,7,7,62.3125,62.3125,hit,3.62718671919,210.096211195,1
site-d-try-02,site-d,8,7,70.6875,62.3125,hit,3.64792608098,210.87401557,1
site-d-try-02,site-d,9,7,79.0625,62.3125,hit,3.68246833375,211.557659388,1
site-d-try-02,site-d,10,7,87.4375,62.3125,hit,3.70614327646,212.048435926,1
site-d-try-02,site-d,11,7,95.8125,62.3125,hit,3.70948368084,212.506033897,1
site-d-try-02,site-d,12,7,104.1875,62.3125,hit,3.69192994201,212.573139906,1
site-d-try-02,site-d,13,7,112.5625,62.3125,hit,3.65656004263,212.829628944,1
site-d-try-02,site-d,14,7,120.9375,62.3125,hit,3.6096921184,212.997995138,1
site-d-try-02,site-d,15,7,129.3125,62.3125,hit,3.55895400749,212.543710232,1
site-d-try-04,site-d,0,0,3.6875,3.6875,pole_excluded,,,0
site-d-try-04,site-d,1,0,12.0625,3.6875,pole_excluded,,,0
site-d-try-04,site-d,2,0,20.4375,3.6875,pole_excluded,,,0
site-d-try-04,site-d,3,0,28.8125,3.6875,pole_excluded,,,0
site-d-try-04,site-d,4,0,37.1875,3.6875,pole_excluded,,,0
site-d-try-04,site-d,5,0,45.5625,3.6875,pole_excluded,,,0
site-d-try-04,site-d,6,0,53.9375,3.6875,pole_excluded,,,0
site-d-try-04,site-d,7,0,62.3125,3.6875,pole_excluded,,,0
site-d-try-04,site-d,8,0,70.6875,3.6875,pole_excluded,,,0
site-d-try-04,site-d,9,0,79.0625,3.6875,pole_excluded,,,0
site-d-try-04,site-d,10,0,87.4375,3.6875,pole_excluded,,,0
site-d-try-04,site-d,11,0,95.8125,3.6875,pole_excluded,,,0
site-d-try-04,site-d,12,0,104.1875,3.6875,pole_excluded,,,0
site-d-try-04,site-d,13,0,112.5625,3.6875,pole_excluded,,,0
site-d-try-04,site-d,14,0,120.9375,3.6875,pole_excluded,,,0
site-d-try-04,site-d,15,0,129.3125,3.6875,pole_excluded,,,0
site-d-try-04,site-d,0,1,3.6875,12.0625,hit,2.90118353462,92.3234972954,1
site-d-try-04,site-d,1,1,12.0625,12.0625,no_hit,,,0
site-d-try-04,site-d,2,1,20.4375,12.0625,no_hit,,,0
site-d-try-04,site-d,3,1,28.8125,12.0625,no_hit,,,0
site-d-try-04,site-d,4,1,37.1875,12.0625,no_hit,,,0
site-d-try-04,site-d,5,1,45.5625,12.0625,no_hit,,,0
site-d-try-04,site-d,6,1,53.9375,12.0625,no_hit,,,0
site-d-try-04,site-d,7,1,62.3125,12.0625,no_hit,,,0
site-d-try-04,site-d,8,1,70.6875,12.0625,no_hit,,,0
site-d-try-04,site-d,9,1,79.0625,12.0625,hit,2.69424657211,139.048195601,1
site-d-try-04,site-d,10,1,87.4375,12.0625,hit,2.41735018096,152.27749157,1
site-d-try-04,site-d,11,1,95.8125,12.0625,hit,2.07126253902,160.503929377,1
site-d-try-04,site-d,12,1,104.1875,12.0625,hit,1.90722200125,164.799859762,1
site-d-try-04,site-d,13,1,112.5625,12.0625,hit,1.85916907599,171.039096832,1
site-d-try-04,site-d,14,1,120.9375,12.0625,hit,1.95437571734,174.237512827,1
site-d-try-04,site-d,15,1,129.3125,12.0625,hit,2.2494213589,166.77035737,1
site-d-try-04,site-d,0,2,3.6875,20.4375,hit,3.64515127768,154.961212397,1
site-d-try-04,site-d,1,2,12.0625,20.4375,no_hit,,,0
site-d-try-04,site-d,2,2,20.4375,20.4375,no_hit,,,0
site-d-try-04,site-d,3,2,28.8125,20.4375,no_hit,,,0
site-d-try-04,site-d,4,2,37.1875,20.4375,no_hit,,,0
site-d-try-04,site-d,5,2,45.5625,20.4375,no_hit,,,0
site-d-try-04,site-d,6,2,53.9375,20.4375,no_hit,,,0
site-d-try-04,site-d,7,2,62.3125,20.4375,no_hit,,,0
site-d-try-04,site-d,8,2,70.6875,20.4375,no_hit,,,0
site-d-try-04,site-d,9,2,79.0625,20.4375,hit,3.45220751899,149.374513626,1
site-d-try-04,site-d,10,2,87.4375,20.4375,hit,2.64109077952,188.196854591,1
site-d-try-04,site-d,11,2,95.8125,20.4375,hit,2.0591451133,214.424614668,1
site-d-try-04,site-d,12,2,104.1875,20.4375,hit,1.78652408434,226.240518332,1
site-d-try-04,site-d,13,2,112.5625,20.4375,hit,1.71932159534,225.359733582,1
site-d-try-04,site-d,14,2,120.9375,20.4375,hit,1.85719820023,219.199606419,1
site-d-try-04,site-d,15,2,129.3125,20.4375,hit,2.35947243099,202.771716833,1
site-d-try-04,site-d,0,3,3.6875,28.8125,hit,11.9764856272,150.16870594,1
site-d-try-04,site-d,1,3,12.0625,28.8125,no_hit,,,0
site-d-try-04,site-d,2,3,20.4375,28.8125,no_hit,,,0
site-d-try-04,site-d,3,3,28.8125,28.8125,hit,42.4128746469,23.8045224845,0
site-d-try-04,site-d,4,3,37.1875,28.8125,hit,35.683052867,25.129468292,0
site-d-try-04,site-d,5,3,45.5625,28.8125,no_hit,,,0
site-d-try-04,site-d,6,3,53.9375,28.8125,no_hit,,,0
site-d-try-04,site-d,7,3,62.3125,28.8125,no_hit,,,0
site-d-try-04,site-d,8,3,70.6875,28.8125,no_hit,,,0
site-d-try-04,site-d,9,3,79.0625,28.8125,hit,6.44435226666,126.474750996,1
site-d-try-04,site-d,10,3,87.4375,28.8125,hit,3.46849301873,188.002662897,1
site-d-try-04,site-d,11,3,95.8125,28.8125,hit,2.39790880497,231.99698019,1
site-d-try-04,site-d,12,3,104.1875,28.8125,hit,1.95689447547,250.763732195,1
site-d-try-04,site-d,13,3,112.5625,28.8125,hit,1.86281315491,248.775235176,1
site-d-try-04,site-d,14,3,120.9375,28.8125,hit,2.11085397947,236.246511936,1
site-d-try-04,site-d,15,3,129.3125,28.8125,hit,3.05289239896,208.982395649,1
site-d-try-04,site-d,0,4,3.6875,37.1875,hit,9.57298580458,126.681414604,1
site-d-try-04,site-d,1,4,12.0625,37.1875,hit,8.37181278874,104.732320428,1
site-d-try-04,site-d,2,4,20.4375,37.1875,hit,10.7076160859,79.385312438,1
site-d-try-04,site-d,3,4,28.8125,37.1875,hit,10.0940404057,73.2610565424,1
site-d-try-04,site-d,4,4,37.1875,37.1875,hit,9.58618621104,73.6648902893,1
site-d-try-04,site-d,5,4,45.5625,37.1875,hit,9.59270056649,75.3130518198,1
site-d-try-04,site-d,6,4,53.9375,37.1875,hit,9.59538613003,78.3125554323,1
site-d-try-04,site-d,7,4,62.3125,37.1875,hit,10.2972557242,80.6870998144,1
site-d-try-04,site-d,8,4,70.6875,37.1875,hit,8.3861933065,95.1648168564,1
site-d-try-04,site-d,9,4,79.0625,37.1875,hit,8.25982696674,125.841341853,1
site-d-try-04,site-d,10,4,87.4375,37.1875,hit,5.03141353846,185.086814165,1
site-d-try-04,site-d,11,4,95.8125,37.1875,hit,3.44238855608,238.813142538,1
site-d-try-04,site-d,12,4,104.1875,37.1875,hit,2.60089180114,263.486229897,1
site-d-try-04,site-d,13,4,112.5625,37.1875,hit,2.43723231713,261.960144043,1
site-d-try-04,site-d,14,4,120.9375,37.1875,hit,3.27541824966,236.847856045,1
site-d-try-04,site-d,15,4,129.3125,37.1875,hit,5.78726638418,187.60880971,1
site-d-try-04,site-d,0,5,3.6875,45.5625,hit,3.42939563883,227.955140114,1
site-d-try-04,site-d,1,5,12.0625,45.5625,hit,3.7107104766,206.117337942,1
site-d-try-04,site-d,2,5,20.4375,45.5625,hit,3.91029357693,190.722992182,1
site-d-try-04,site-d,3,5,28.8125,45.5625,hit,3.89301362586,182.816591263,1
site-d-try-04,site-d,4,5,37.1875,45.5625,hit,3.88222388394,181.884103298,1
site-d-try-04,site-d,5,5,45.5625,45.5625,hit,3.80699482976,184.447133303,1
site-d-try-04,site-d,6,5,53.9375,45.5625,hit,3.39039387675,187.593901873,1
site-d-try-04,site-d,7,5,62.3125,45.5625,hit,2.70057621544,194.313171148,1
site-d-try-04,site-d,8,5,70.6875,45.5625,hit,2.87547784674,207.150090218,1
site-d-try-04,site-d,9,5,79.0625,45.5625,hit,3.36123444554,227.297023535,1
site-d-try-04,site-d,10,5,87.4375,45.5625,hit,3.36031753802,249.375301123,1
site-d-try-04,site-d,11,5,95.8125,45.5625,hit,3.35907906821,269.481524467,1
site-d-try-04,site-d,12,5,104.1875,45.5625,hit,2.80965674546,280.677852154,1
site-d-try-04,site-d,13,5,112.5625,45.5625,hit,2.79828375272,279.758707523,1
site-d-try-04,site-d,14,5,120.9375,45.5625,hit,3.35728064384,270.170632362,1
site-d-try-04,site-d,15,5,129.3125,45.5625,hit,3.35716768447,254.871257067,1
site-d-try-04,site-d,0,6,3.6875,53.9375,hit,2.24443147684,316.842790604,1
site-d-try-04,site-d,1,6,12.0625,53.9375,hit,2.3209408201,301.940376282,1
site-d-try-04,site-d,2,6,20.4375,53.9375,hit,2.38389183239,287.513113499,1
site-d-try-04,site-d,3,6,28.8125,53.9375,hit,2.42014286928,279.830931187,1
site-d-try-04,site-d,4,6,37.1875,53.9375,hit,2.42131000949,277.489598274,1
site-d-try-04,site-d,5,6,45.5625,53.9375,hit,2.38739904075,279.489220619,1
site-d-try-04,site-d,6,6,53.9375,53.9375,hit,2.24612256456,283.394883633,1
site-d-try-04,site-d,7,6,62.3125,53.9375,hit,2.12794943022,289.906513691,1
site-d-try-04,site-d,8,6,70.6875,53.9375,hit,2.24419913172,301.381419659,1
site-d-try-04,site-d,9,6,79.0625,53.9375,hit,2.24554493813,316.085784435,1
site-d-try-04,site-d,10,6,87.4375,53.9375,hit,2.24524726268,330.526526928,1
site-d-try-04,site-d,11,6,95.8125,53.9375,hit,2.24497917054,340.794150829,1
site-d-try-04,site-d,12,6,104.1875,53.9375,hit,2.24459809415,347.938127995,1
site-d-try-04,site-d,13,6,112.5625,53.9375,hit,2.2443004432,349.798717022,1
site-d-try-04,site-d,14,6,120.9375,53.9375,hit,2.2441814353,346.959912777,1
site-d-try-04,site-d,15,6,129.3125,53.9375,hit,2.2442767217,338.311199665,1
site-d-try-04,site-d,0,7,3.6875,62.3125,hit,1.90311325743,384.796182156,1
site-d-try-04,site-d,1,7,12.0625,62.3125,hit,1.9031311425,374.744548321,1
site-d-try-04,site-d,2,7,20.4375,62.3125,hit,1.91343849609,366.991206169,1
site-d-try-04,site-d,3,7,28.8125,62.3125,hit,1.92148297144,361.709982395,1
site-d-try-04,site-d,4,7,37.1875,62.3125,hit,1.92172112888,358.528831959,1
site-d-try-04,site-d,5,7,45.5625,62.3125,hit,1.91420062618,358.05113554,1
site-d-try-04,site-d,6,7,53.9375,62.3125,hit,1.9034527042,360.108354092,1
site-d-try-04,site-d,7,7,62.3125,62.3125,hit,1.90345872837,365.606816769,1
site-d-try-04,site-d,8,7,70.6875,62.3125,hit,1.9034348191,374.151596069,1
site-d-try-04,site-d,9,7,79.0625,62.3125,hit,1.90334557977,383.794520855,1
site-d-try-04,site-d,10,7,87.4375,62.3125,hit,1.90329192354,393.397277832,1
site-d-try-04,site-d,11,7,95.8125,62.3125,hit,1.90319082484,400.313775539,1
site-d-try-04,site-d,12,7,104.1875,62.3125,hit,1.90314902853,405.230214596,1
site-d-try-04,site-d,13,7,112.5625,62.3125,hit,1.90308351141,407.536186218,1
site-d-try-04,site-d,14,7,120.9375,62.3125,hit,1.90303588001,405.86917448,1
site-d-try-04,site-d,15,7,129.3125,62.3125,hit,1.90303587991,399.149246693,1
site-d-try-05,site-d,0,0,3.6875,3.6875,pole_excluded,,,0
site-d-try-05,site-d,1,0,12.0625,3.6875,pole_excluded,,,0
site-d-try-05,site-d,2,0,20.4375,3.6875,pole_excluded,,,0
site-d-try-05,site-d,3,0,28.8125,3.6875,pole_excluded,,,0
site-d-try-05,site-d,4,0,37.1875,3.6875,pole_excluded,,,0
site-d-try-05,site-d,5,0,45.5625,3.6875,pole_excluded,,,0
site-d-try-05,site-d,6,0,53.9375,3.6875,pole_excluded,,,0
site-d-try-05,site-d,7,0,62.3125,3.6875,pole_excluded,,,0
site-d-try-05,site-d,8,0,70.6875,3.6875,pole_excluded,,,0
site-d-try-05,site-d,9,0,79.0625,3.6875,pole_excluded,,,0
site-d-try-05,site-d,10,0,87.4375,3.6875,pole_excluded,,,0
site-d-try-05,site-d,11,0,95.8125,3.6875,pole_excluded,,,0
site-d-try-05,site-d,12,0,104.1875,3.6875,pole_excluded,,,0
site-d-try-05,site-d,13,0,112.5625,3.6875,pole_excluded,,,0
site-d-try-05,site-d,14,0,120.9375,3.6875,pole_excluded,,,0
site-d-try-05,site-d,15,0,129.3125,3.6875,pole_excluded,,,0
site-d-try-05,site-d,0,1,3.6875,12.0625,hit,6.21229869959,30.5961592793,1
site-d-try-05,site-d,1,1,12.0625,12.0625,hit,7.02792352495,11.8261717558,1
site-d-try-05,site-d,2,1,20.4375,12.0625,no_hit,,,0
site-d-try-05,site-d,3,1,28.8125,12.0625,no_hit,,,0
site-d-try-05,site-d,4,1,37.1875,12.0625,no_hit,,,0
site-d-try-05,site-d,5,1,45.5625,12.0625,no_hit,,,0
site-d-try-05,site-d,6,1,53.9375,12.0625,no_hit,,,0
site-d-try-05,site-d,7,1,62.3125,12.0625,no_hit,,,0
site-d-try-05,site-d,8,1,70.6875,12.0625,no_hit,,,0
site-d-try-05,site-d,9,1,79.0625,12.0625,no_hit,,,0
site-d-try-05,site-d,10,1,87.4375,12.0625,no_hit,,,0
site-d-try-05,site-d,11,1,95.8125,12.0625,hit,49.4152839275,18.173196584,0
site-d-try-05,site-d,12,1,104.1875,12.0625,hit,7.74381517163,25.5474929512,1
site-d-try-05,site-d,13,1,112.5625,12.0625,hit,6.43112097867,33.6239947677,1
site-d-try-05,site-d,14,1,120.9375,12.0625,hit,6.10647517061,36.8914543986,1
site-d-try-05,site-d,15,1,129.3125,12.0625,hit,6.03456277488,39.6711947918,1
site-d-try-05,site-d,0,2,3.6875,20.4375,hit,6.66193005181,78.7848041058,1
site-d-try-05,site-d,1,2,12.0625,20.4375,hit,7.75424791384,68.0921429396,1
site-d-try-05,site-d,2,2,20.4375,20.4375,hit,10.4313986094,51.9105440974,1
site-d-try-05,site-d,3,2,28.8125,20.4375,hit,45.3780289017,38.1290786266,0
site-d-try-05,site-d,4,2,37.1875,20.4375,no_hit,,,0
site-d-try-05,site-d,5,2,45.5625,20.4375,no_hit,,,0
site-d-try-05,site-d,6,2,53.9375,20.4375,no_hit,,,0
site-d-try-05,site-d,7,2,62.3125,20.4375,no_hit,,,0
site-d-try-05,site-d,8,2,70.6875,20.4375,no_hit,,,0
site-d-try-05,site-d,9,2,79.0625,20.4375,no_hit,,,0
site-d-try-05,site-d,10,2,87.4375,20.4375,hit,77.4321599021,57.6067778468,0
site-d-try-05,site-d,11,2,95.8125,20.4375,hit,33.0448993968,54.1027030349,0
site-d-try-05,site-d,12,2,104.1875,20.4375,hit,8.74225485706,67.7749308348,1
site-d-try-05,site-d,13,2,112.5625,20.4375,hit,6.68438986848,77.8054500818,1
site-d-try-05,site-d,14,2,120.9375,20.4375,hit,6.02928124194,83.0493830442,1
site-d-try-05,site-d,15,2,129.3125,20.4375,hit,5.87884045237,85.1333116293,1
site-d-try-05,site-d,0,3,3.6875,28.8125,hit,5.94987773582,96.5549850464,1
site-d-try-05,site-d,1,3,12.0625,28.8125,hit,8.03084644288,85.2711094618,1
site-d-try-05,site-d,2,3,20.4375,28.8125,hit,14.4572335786,62.4732281566,1
site-d-try-05,site-d,3,3,28.8125,28.8125,hit,46.5286633831,38.7736638188,0
site-d-try-05,site-d,4,3,37.1875,28.8125,no_hit,,,0
site-d-try-05,site-d,5,3,45.5625,28.8125,no_hit,,,0
site-d-try-05,site-d,6,3,53.9375,28.8125,no_hit,,,0
site-d-try-05,site-d,7,3,62.3125,28.8125,no_hit,,,0
site-d-try-05,site-d,8,3,70.6875,28.8125,no_hit,,,0
site-d-try-05,site-d,9,3,79.0625,28.8125,no_hit,,,0
site-d-try-05,site-d,10,3,87.4375,28.8125,hit,58.3910637076,71.5654127598,0
site-d-try-05,site-d,11,3,95.8125,28.8125,hit,25.484816608,67.6852984428,0
site-d-try-05,site-d,12,3,104.1875,28.8125,hit,15.7312942801,80.5375511646,1
site-d-try-05,site-d,13,3,112.5625,28.8125,hit,6.22728623771,94.9714792967,1
site-d-try-05,site-d,14,3,120.9375,28.8125,hit,5.38008526598,101.270284414,1
site-d-try-05,site-d,15,3,129.3125,28.8125,hit,5.2374571489,102.406338453,1
site-d-try-05,site-d,0,4,3.6875,37.1875,hit,7.19859723866,108.235907197,1
site-d-try-05,site-d,1,4,12.0625,37.1875,hit,8.14493493162,102.425550818,1
site-d-try-05,site-d,2,4,20.4375,37.1875,hit,13.0249969354,77.8223741055,1
site-d-try-05,site-d,3,4,28.8125,37.1875,hit,16.192293333,71.2088185549,1
site-d-try-05,site-d,4,4,37.1875,37.1875,hit,13.8640451751,69.790538311,1
site-d-try-05,site-d,5,4,45.5625,37.1875,hit,15.8471337264,65.2520324588,1
site-d-try-05,site-d,6,4,53.9375,37.1875,hit,17.2776201444,59.7195028663,1
site-d-try-05,site-d,7,4,62.3125,37.1875,hit,16.9815327967,57.1329316497,1
site-d-try-05,site-d,8,4,70.6875,37.1875,hit,5.38913607629,136.190573335,1
site-d-try-05,site-d,9,4,79.0625,37.1875,hit,6.63443798648,139.043021917,1
site-d-try-05,site-d,10,4,87.4375,37.1875,hit,15.5363262016,83.5563799143,1
site-d-try-05,site-d,11,4,95.8125,37.1875,hit,14.9279552204,83.8342382908,1
site-d-try-05,site-d,12,4,104.1875,37.1875,hit,15.0565432118,91.8898659945,1
site-d-try-05,site-d,13,4,112.5625,37.1875,hit,6.56815202826,103.291742563,1
site-d-try-05,site-d,14,4,120.9375,37.1875,hit,6.30816018172,110.864987016,1
site-d-try-05,site-d,15,4,129.3125,37.1875,hit,6.33866504082,112.863421321,1
site-d-try-05,site-d,0,5,3.6875,45.5625,hit,5.19518617087,155.027697325,1
site-d-try-05,site-d,1,5,12.0625,45.5625,hit,5.44852057913,150.394103527,1
site-d-try-05,site-d,2,5,20.4375,45.5625,hit,5.52776895221,145.140467882,1
site-d-try-05,site-d,3,5,28.8125,45.5625,hit,5.50879186486,142.283802986,1
site-d-try-05,site-d,4,5,37.1875,45.5625,hit,5.28816553809,140.530785084,1
site-d-try-05,site-d,5,5,45.5625,45.5625,hit,5.06925437519,140.455331087,1
site-d-try-05,site-d,6,5,53.9375,45.5625,hit,4.96210876156,141.523160458,1
site-d-try-05,site-d,7,5,62.3125,45.5625,hit,5.0130317754,141.874790907,1
site-d-try-05,site-d,8,5,70.6875,45.5625,hit,5.25564800677,169.570979357,1
site-d-try-05,site-d,9,5,79.0625,45.5625,hit,4.9264414014,156.60918355,1
site-d-try-05,site-d,10,5,87.4375,45.5625,hit,5.573809229,146.562893629,1
site-d-try-05,site-d,11,5,95.8125,45.5625,hit,5.53853456941,147.944350719,1
site-d-try-05,site-d,12,5,104.1875,45.5625,hit,5.51241805698,150.192582607,1
site-d-try-05,site-d,13,5,112.5625,45.5625,hit,5.43537288319,151.952938557,1
site-d-try-05,site-d,14,5,120.9375,45.5625,hit,5.31797978558,153.767814636,1
site-d-try-05,site-d,15,5,129.3125,45.5625,hit,5.22026643681,156.121195555,1
site-d-try-05,site-d,0,6,3.6875,53.9375,hit,3.66036511418,204.565473557,1
site-d-try-05,site-d,1,6,12.0625,53.9375,hit,3.67677562282,201.708868504,1
site-d-try-05,site-d,2,6,20.4375,53.9375,hit,3.67135100588,198.61499095,1
site-d-try-05,site-d,3,6,28.8125,53.9375,hit,3.61490848864,195.765010595,1
site-d-try-05,site-d,4,6,37.1875,53.9375,hit,3.5577629554,194.112227917,1
site-d-try-05,site-d,5,6,45.5625,53.9375,hit,3.54755086539,194.260931969,1
site-d-try-05,site-d,6,6,53.9375,53.9375,hit,3.5542497457,195.634555578,1
site-d-try-05,site-d,7,6,62.3125,53.9375,hit,3.60096891705,197.759788513,1
site-d-try-05,site-d,8,6,70.6875,53.9375,hit,3.68315289509,198.892404556,1
site-d-try-05,site-d,9,6,79.0625,53.9375,hit,3.79235259951,198.938396215,1
site-d-try-05,site-d,10,6,87.4375,53.9375,hit,3.84020294906,199.79408741,1
site-d-try-05,site-d,11,6,95.8125,53.9375,hit,3.79644910616,201.287506342,1
site-d-try-05,site-d,12,6,104.1875,53.9375,hit,3.75051013985,202.789144754,1
site-d-try-05,site-d,13,6,112.5625,53.9375,hit,3.70904311048,204.447458744,1
site-d-try-05,site-d,14,6,120.9375,53.9375,hit,3.67793087911,206.016837358,1
site-d-try-05,site-d,15,6,129.3125,53.9375,hit,3.66152601664,206.349824905,1
site-d-try-05,site-d,0,7,3.6875,62.3125,hit,3.17043422747,239.70261693,1
site-d-try-05,site-d,1,7,12.0625,62.3125,hit,3.17484648386,238.137964249,1
site-d-try-05,site-d,2,7,20.4375,62.3125,hit,3.17227425821,235.965750933,1
site-d-try-05,site-d,3,7,28.8125,62.3125,hit,3.15411295706,233.830952644,1
site-d-try-05,site-d,4,7,37.1875,62.3125,hit,3.14296004796,232.279918671,1
site-d-try-05,site-d,5,7,45.5625,62.3125,hit,3.14038782322,232.55155468,1
site-d-try-05,site-d,6,7,53.9375,62.3125,hit,3.1467114644,233.804680347,1
site-d-try-05,site-d,7,7,62.3125,62.3125,hit,3.1611034639,235.019159555,1
site-d-try-05,site-d,8,7,70.6875,62.3125,hit,3.18155720214,235.170819283,1
site-d-try-05,site-d,9,7,79.0625,62.3125,hit,3.20507757886,235.865640163,1
site-d-try-05,site-d,10,7,87.4375,62.3125,hit,3.21589083006,237.109597445,1
site-d-try-05,site-d,11,7,95.8125,62.3125,hit,3.20503578259,238.199093342,1
site-d-try-05,site-d,12,7,104.1875,62.3125,hit,3.19339486295,238.835697651,1
site-d-try-05,site-d,13,7,112.5625,62.3125,hit,3.18277797478,240.03517437,1
site-d-try-05,site-d,14,7,120.9375,62.3125,hit,3.17468567911,241.205123425,1
site-d-try-05,site-d,15,7,129.3125,62.3125,hit,3.17039262213,241.136945248,1
