capture_id,site,col,row,u,v,distance_m,pred_disp,lolo_scale,lolo_predicted_depth_m,abs_error_m,lolo_abs_rel
site-a-try-03,site-a,7,1,62.3125,12.0625,11.2447479395,118.613708258,0.00126422079176,6.66871546648,4.57603247298,0.406948425844
site-a-try-03,site-a,8,1,70.6875,12.0625,18.064246319,117.795961261,0.00126422079176,6.7150101101,11.3492362089,0.628270673931
site-a-try-03,site-a,9,1,79.0625,12.0625,11.0505894319,114.662523389,0.00126422079176,6.89851441793,4.15207501393,0.375733352463
site-a-try-03,site-a,10,1,87.4375,12.0625,15.5108351358,104.809562564,0.00126422079176,7.54703150595,7.96380362982,0.513434870535
site-a-try-03,site-a,12,1,104.1875,12.0625,16.598889686,78.6556897163,0.00126422079176,10.0565016167,6.5423880693,0.394146126221
site-a-try-03,site-a,5,2,45.5625,20.4375,19.6512217257,73.2683491707,0.00126422079176,10.7959450397,8.855276686,0.450622195893
site-a-try-03,site-a,6,2,53.9375,20.4375,18.4439282367,69.6100801229,0.00126422079176,11.3633121726,7.08061606411,0.383899567015
site-a-try-03,site-a,7,2,62.3125,20.4375,7.49320850138,147.65722084,0.00126422079176,5.35700906662,2.13619943475,0.285084744987
site-a-try-03,site-a,8,2,70.6875,20.4375,12.0134630448,149.306709051,0.00126422079176,5.29782670733,6.71563633748,0.559009197633
site-a-try-03,site-a,9,2,79.0625,20.4375,7.38337732427,146.527718067,0.00126422079176,5.39830334649,1.98507397779,0.268857176141
site-a-try-03,site-a,10,2,87.4375,20.4375,10.3446892257,133.081759453,0.00126422079176,5.94372267129,4.40096655445,0.425432457023
site-a-try-03,site-a,11,2,95.8125,20.4375,15.1803188735,87.5545445681,0.00126422079176,9.03438050757,6.14593836598,0.404862270495
site-a-try-03,site-a,12,2,104.1875,20.4375,11.0755269688,101.711325407,0.00126422079176,7.7769222614,3.29860470736,0.297828240287
site-a-try-03,site-a,13,2,112.5625,20.4375,15.7643299465,97.4119464159,0.00126422079176,8.12016492739,7.64416501907,0.48490262796
site-a-try-03,site-a,14,2,120.9375,20.4375,16.0454727102,91.4048130512,0.00126422079176,8.65382297048,7.39164973977,0.460668867365
site-a-try-03,site-a,5,3,45.5625,28.8125,16.7034506466,81.2301065922,0.00126422079176,9.73778201186,6.96566863471,0.41701973934
site-a-try-03,site-a,6,3,53.9375,28.8125,15.6383326333,77.697568655,0.00126422079176,10.1805125242,5.45782010902,0.349002686988
site-a-try-03,site-a,7,3,62.3125,28.8125,6.37056387935,157.121170521,0.00126422079176,5.0343379455,1.33622593384,0.209750025139
site-a-try-03,site-a,8,3,70.6875,28.8125,10.1846026566,159.693860292,0.00126422079176,4.95323407767,5.2313685789,0.513654656475
site-a-try-03,site-a,9,3,79.0625,28.8125,6.2592321414,156.602731228,0.00126422079176,5.05100431259,1.20822782881,0.193031317822
site-a-try-03,site-a,10,3,87.4375,28.8125,8.78895557504,141.014350176,0.00126422079176,5.60936578305,3.179589792,0.361771061971
site-a-try-03,site-a,11,3,95.8125,28.8125,12.8536386606,100.099393129,0.00126422079176,7.90215650731,4.95148215328,0.385220269842
site-a-try-03,site-a,12,3,104.1875,28.8125,9.34318290239,112.341935039,0.00126422079176,7.04101340718,2.30216949521,0.246400987679
site-a-try-03,site-a,13,3,112.5625,28.8125,13.3740199943,107.506581306,0.00126422079176,7.35769904672,6.01632094757,0.449851349866
site-a-try-03,site-a,14,3,120.9375,28.8125,13.6023219563,100.813092709,0.00126422079176,7.84621371632,5.75610823994,0.423171004072
site-a-try-03,site-a,5,4,45.5625,37.1875,16.9306576025,84.0588616133,0.00126422079176,9.41008545219,7.52057215028,0.444198466879
site-a-try-03,site-a,6,4,53.9375,37.1875,15.6529157277,80.2244182825,0.00126422079176,9.8598542405,5.79306148719,0.370094721518
site-a-try-03,site-a,7,4,62.3125,37.1875,6.38605147815,155.683891296,0.00126422079176,5.08081513256,1.30523634559,0.204388635145
site-a-try-03,site-a,8,4,70.6875,37.1875,10.2053597158,159.583617449,0.00126422079176,4.95665584877,5.24870386706,0.514308560718
site-a-try-03,site-a,9,4,79.0625,37.1875,6.25311693679,157.065893173,0.00126422079176,5.03610971685,1.21700721994,0.194624094231
site-a-try-03,site-a,10,4,87.4375,37.1875,8.81963328766,140.132252455,0.00126422079176,5.64467534731,3.17495794034,0.359987522927
site-a-try-03,site-a,11,4,95.8125,37.1875,12.8414188136,102.481690884,0.00126422079176,7.7184623319,5.12295648173,0.398940066988
site-a-try-03,site-a,12,4,104.1875,37.1875,9.29310601082,116.107666612,0.00126422079176,6.81265151457,2.48045449625,0.266913397239
site-a-try-03,site-a,13,4,112.5625,37.1875,13.3197859442,111.989703536,0.00126422079176,7.06315889603,6.25662704813,0.469724293946
site-a-try-03,site-a,14,4,120.9375,37.1875,13.6022150221,104.275489926,0.00126422079176,7.58568548902,6.01652953304,0.442319837121
site-a-try-03,site-a,1,5,12.0625,45.5625,15.5462234892,62.4241265655,0.00126422079176,12.6713998948,2.87482359438,0.184921025764
site-a-try-03,site-a,2,5,20.4375,45.5625,14.7685291159,57.0291808248,0.00126422079176,13.8701110441,0.89841807174,0.0608332803281
site-a-try-03,site-a,3,5,28.8125,45.5625,17.9405595428,77.3096193075,0.00126422079176,10.2315996105,7.70895993231,0.429694509467
site-a-try-03,site-a,5,5,45.5625,45.5625,17.7752261004,81.7148673534,0.00126422079176,9.68001413223,8.09521196819,0.455421040636
site-a-try-03,site-a,6,5,53.9375,45.5625,18.628726399,78.0463373661,0.00126422079176,10.1350184709,8.49370792806,0.455946785955
site-a-try-03,site-a,7,5,62.3125,45.5625,7.55454580479,144.639630556,0.00126422079176,5.46877137167,2.08577443311,0.276095279188
site-a-try-03,site-a,8,5,70.6875,45.5625,12.1011906257,149.535568476,0.00126422079176,5.2897185523,6.81147207342,0.562876189963
site-a-try-03,site-a,9,5,79.0625,45.5625,7.35182452371,147.330236673,0.00126422079176,5.36889839218,1.98292613153,0.269718914691
site-a-try-03,site-a,10,5,87.4375,45.5625,10.4317736619,130.117395401,0.00126422079176,6.07913391101,4.35263975093,0.417248292762
site-a-try-03,site-a,11,5,95.8125,45.5625,15.1732381848,102.380663514,0.00126422079176,7.72607876961,7.44715941518,0.490808838857
site-a-try-03,site-a,12,5,104.1875,45.5625,10.9383174438,112.598069191,0.00126422079176,7.02499675597,3.91332068782,0.35776258167
site-a-try-03,site-a,13,5,112.5625,45.5625,15.5224284035,108.989416122,0.00126422079176,7.25759526876,8.26483313474,0.532444596934
site-a-try-03,site-a,14,5,120.9375,45.5625,15.9850933326,99.054582119,0.00126422079176,7.98550712015,7.99958621246,0.500440381924
site-a-try-03,site-a,0,6,3.6875,53.9375,14.1441998678,95.064131856,0.00126422079176,8.32070998127,5.82348988655,0.411722822144
site-a-try-03,site-a,1,6,12.0625,53.9375,14.0630694786,93.3734935522,0.00126422079176,8.47136634502,5.59170313361,0.39761612087
site-a-try-03,site-a,2,6,20.4375,53.9375,14.1836354168,92.9801131487,0.00126422079176,8.50720701458,5.67642840218,0.400209694862
site-a-try-03,site-a,3,6,28.8125,53.9375,14.1869520753,91.51526618,0.00126422079176,8.64337835437,5.54357372097,0.390751564644
site-a-try-03,site-a,4,6,37.1875,53.9375,14.1112711594,92.5589735508,0.00126422079176,8.5459144635,5.56535669591,0.394390883219
site-a-try-03,site-a,5,6,45.5625,53.9375,14.0850767004,93.3715983629,0.00126422079176,8.47153829069,5.61353840971,0.398545107642
site-a-try-03,site-a,6,6,53.9375,53.9375,13.8825519703,97.9542907476,0.00126422079176,8.07520594307,5.80734602722,0.418319775762
site-a-try-03,site-a,7,6,62.3125,53.9375,11.2133201481,121.647277236,0.00126422079176,6.50241492262,4.71090522547,0.420116893414
site-a-try-03,site-a,8,6,70.6875,53.9375,13.568054224,126.920044661,0.00126422079176,6.23227854127,7.33577568278,0.5406652687
site-a-try-03,site-a,9,6,79.0625,53.9375,10.9981605893,124.36006093,0.00126422079176,6.3605715925,4.63758899684,0.42166951093
site-a-try-03,site-a,10,6,87.4375,53.9375,13.6660827547,112.309420705,0.00126422079176,7.04305182798,6.62303092671,0.48463272509
site-a-try-03,site-a,11,6,95.8125,53.9375,13.7254665231,111.002465248,0.00126422079176,7.12597750894,6.59948901418,0.480820743183
site-a-try-03,site-a,12,6,104.1875,53.9375,13.7384952117,111.208205223,0.00126422079176,7.11279414327,6.6257010684,0.482272691901
site-a-try-03,site-a,13,6,112.5625,53.9375,13.838697218,109.946904302,0.00126422079176,7.19439147304,6.64430574498,0.480125089834
site-a-try-03,site-a,14,6,120.9375,53.9375,14.0099786582,104.432285905,0.00126422079176,7.57429624317,6.43568241504,0.459364184061
site-a-try-03,site-a,15,6,129.3125,53.9375,14.1635154787,97.3262740374,0.00126422079176,8.12731277981,6.03620269885,0.426179694437
site-a-try-03,site-a,0,7,3.6875,62.3125,11.8994280269,111.384574533,0.00126422079176,7.10153155511,4.79789647184,0.403203957449
site-a-try-03,site-a,1,7,12.0625,62.3125,11.9040490707,110.08276844,0.00126422079176,7.18551215601,4.71853691467,0.396380835349
site-a-try-03,site-a,2,7,20.4375,62.3125,11.9083719013,110.983200669,0.00126422079176,7.12721444349,4.7811574578,0.401495477084
site-a-try-03,site-a,3,7,28.8125,62.3125,11.9118075427,112.177933455,0.00126422079176,7.05130720843,4.86050033429,0.408040535986
site-a-try-03,site-a,4,7,37.1875,62.3125,11.9137482959,113.4828825,0.00126422079176,6.97022364405,4.94352465181,0.4149428483
site-a-try-03,site-a,5,7,45.5625,62.3125,11.9138680364,114.737200737,0.00126422079176,6.89402448128,5.01984355516,0.421344565829
site-a-try-03,site-a,6,7,53.9375,62.3125,11.9121705463,115.520551205,0.00126422079176,6.84727576649,5.06489477982,0.425186556903
site-a-try-03,site-a,7,7,62.3125,62.3125,11.9089728714,116.338513374,0.00126422079176,6.79913338973,5.10983948165,0.429074743627
site-a-try-03,site-a,8,7,70.6875,62.3125,11.9047517082,116.976670146,0.00126422079176,6.76204126693,5.1427104413,0.431988047071
site-a-try-03,site-a,9,7,79.0625,62.3125,11.9001366877,116.636391759,0.00126422079176,6.78176904195,5.11836764571,0.430109987814
site-a-try-03,site-a,10,7,87.4375,62.3125,11.8957717085,117.586117864,0.00126422079176,6.72699367209,5.16877803645,0.434505483384
site-a-try-03,site-a,11,7,95.8125,62.3125,11.892437708,117.418451667,0.00126422079176,6.73659939785,5.1558383101,0.433539231966
site-a-try-03,site-a,12,7,104.1875,62.3125,11.8905376419,117.092486143,0.00126422079176,6.75535294236,5.13518469952,0.431871531312
site-a-try-03,site-a,13,7,112.5625,62.3125,11.8903711911,116.192242622,0.00126422079176,6.80769260445,5.08267858665,0.427461725539
site-a-try-03,site-a,14,7,120.9375,62.3125,11.8963259926,114.717982888,0.00126422079176,6.89517938583,5.00114660681,0.420394213298
site-a-try-03,site-a,15,7,129.3125,62.3125,11.8951880557,112.947019815,0.00126422079176,7.00329297831,4.89189507739,0.411249915048
site-a-try-04,site-a,6,1,53.9375,12.0625,19.4835913337,70.0616859198,0.00126422079176,11.2900661811,8.19352515259,0.420534644371
site-a-try-04,site-a,7,1,62.3125,12.0625,12.8266157998,114.528177261,0.00126422079176,6.90660665095,5.9200091488,0.461541005143
site-a-try-04,site-a,8,1,70.6875,12.0625,11.9280813691,122.675127029,0.00126422079176,6.4479335783,5.4801477908,0.459432462039
site-a-try-04,site-a,10,1,87.4375,12.0625,16.2004449294,79.1516741514,0.00126422079176,9.9934850308,6.20695989863,0.383135150032
site-a-try-04,site-a,11,1,95.8125,12.0625,19.0693961771,65.439776063,0.00126422079176,12.0874660395,6.98193013761,0.366132732928
site-a-try-04,site-a,5,2,45.5625,20.4375,19.75518774,79.5699068308,0.00126422079176,9.94095760948,9.81423013055,0.496792551896
site-a-try-04,site-a,6,2,53.9375,20.4375,12.9722224292,112.587086797,0.00126422079176,7.02568201469,5.94654041452,0.458405677745
site-a-try-04,site-a,7,2,62.3125,20.4375,8.57007418109,137.757483721,0.00126422079176,5.74198257278,2.82809160831,0.329996164391
site-a-try-04,site-a,8,2,70.6875,20.4375,7.97284916369,148.031488657,0.00126422079176,5.3434649477,2.62938421598,0.329792294072
site-a-try-04,site-a,10,2,87.4375,20.4375,10.7349650426,98.9965535402,0.00126422079176,7.99018796622,2.7447770764,0.255685702329
site-a-try-04,site-a,11,2,95.8125,20.4375,12.6745445019,94.09851408,0.00126422079176,8.40609523464,4.26844926729,0.33677338595
site-a-try-04,site-a,3,3,28.8125,28.8125,19.6270832483,88.7035698891,0.00126422079176,8.91735329011,10.7097299581,0.545660800572
site-a-try-04,site-a,5,3,45.5625,28.8125,16.7078096006,88.9477998018,0.00126422079176,8.89286831779,7.81494128283,0.46774182072
site-a-try-04,site-a,6,3,53.9375,28.8125,10.9951767836,120.201216102,0.00126422079176,6.58064116528,4.41453561832,0.401497466135
site-a-try-04,site-a,7,3,62.3125,28.8125,7.31305472881,146.331655025,0.00126422079176,5.40553628439,1.90751844442,0.26083743595
site-a-try-04,site-a,8,3,70.6875,28.8125,6.79685314124,157.447901487,0.00126422079176,5.02389084467,1.77296229657,0.260850464138
site-a-try-04,site-a,10,3,87.4375,28.8125,9.245064755,107.134798646,0.00126422079176,7.3832319731,1.8618327819,0.201386667507
site-a-try-04,site-a,11,3,95.8125,28.8125,10.7496611199,102.508900762,0.00126422079176,7.71641354963,3.0332475703,0.282171459775
site-a-try-04,site-a,3,4,28.8125,37.1875,19.6273980526,89.8906236887,0.00126422079176,8.79959486691,10.8278031857,0.551667783812
site-a-try-04,site-a,5,4,45.5625,37.1875,16.7917264862,91.2709480524,0.00126422079176,8.66651533345,8.12521115277,0.48388181879
site-a-try-04,site-a,6,4,53.9375,37.1875,11.0367571748,120.63710165,0.00126422079176,6.55686401592,4.47989315888,0.405906652464
site-a-try-04,site-a,7,4,62.3125,37.1875,7.35455150412,146.642341137,0.00126422079176,5.39408375959,1.96046774453,0.266565234254
site-a-try-04,site-a,8,4,70.6875,37.1875,6.82879831315,156.702089787,0.00126422079176,5.04780167177,1.78099664138,0.260806742227
site-a-try-04,site-a,10,4,87.4375,37.1875,9.22030645248,107.235652089,0.00126422079176,7.37628815963,1.84401829285,0.199995336636
site-a-try-04,site-a,11,4,95.8125,37.1875,10.7977196938,103.68056035,0.00126422079176,7.62921292209,3.16850677173,0.293442213872
site-a-try-04,site-a,0,5,3.6875,45.5625,14.7218698163,66.2617826462,0.00126422079176,11.9375157022,2.78435411407,0.189130467041
site-a-try-04,site-a,1,5,12.0625,45.5625,14.7882679778,67.7733197212,0.00126422079176,11.6712752754,3.11699270242,0.210774697016
site-a-try-04,site-a,4,5,37.1875,45.5625,17.9423278197,87.8610413074,0.00126422079176,9.00286473987,8.93946307985,0.498233181874
site-a-try-04,site-a,5,5,45.5625,45.5625,17.9547013111,88.94333148,0.00126422079176,8.89331507638,9.06138623476,0.50468042201
site-a-try-04,site-a,6,5,53.9375,45.5625,12.9998327236,113.177874804,0.00126422079176,6.9890079856,6.010824738,0.46237708329
site-a-try-04,site-a,7,5,62.3125,45.5625,8.58276323436,137.70896244,0.00126422079176,5.74400574063,2.83875749373,0.330750996644
site-a-try-04,site-a,8,5,70.6875,45.5625,8.074213184,146.580452204,0.00126422079176,5.39636123987,2.67785194413,0.331654847736
site-a-try-04,site-a,9,5,79.0625,45.5625,19.9678296772,68.9464923143,0.00126422079176,11.4726803967,8.4951492805,0.425441794018
site-a-try-04,site-a,10,5,87.4375,45.5625,10.7919614666,100.57482481,0.00126422079176,7.86480187551,2.92715959111,0.271235178161
site-a-try-04,site-a,11,5,95.8125,45.5625,12.6970050771,98.1560477018,0.00126422079176,8.05860758776,4.63839748935,0.365314297441
site-a-try-04,site-a,15,5,129.3125,45.5625,14.7528570397,71.4027154446,0.00126422079176,11.0780250565,3.67483198319,0.249092902704
site-a-try-04,site-a,0,6,3.6875,53.9375,10.7822916123,91.4988207817,0.00126422079176,8.64493185854,2.13735975378,0.198228709687
site-a-try-04,site-a,1,6,12.0625,53.9375,11.0495832874,90.8739769459,0.00126422079176,8.70437387445,2.34520941294,0.212244150023
site-a-try-04,site-a,2,6,20.4375,53.9375,14.2624432211,90.499514699,0.00126422079176,8.74039019354,5.52205302754,0.387174409177
site-a-try-04,site-a,3,6,28.8125,53.9375,14.2028983173,91.6893808842,0.00126422079176,8.62696490223,5.57593341508,0.392591236697
site-a-try-04,site-a,4,6,37.1875,53.9375,14.1098236883,93.7681901455,0.00126422079176,8.43570798975,5.67411569859,0.402139376361
site-a-try-04,site-a,5,6,45.5625,53.9375,14.0013510986,95.4633568525,0.00126422079176,8.28591301285,5.71543808574,0.408206182781
site-a-try-04,site-a,6,6,53.9375,53.9375,13.8702387033,97.9393517971,0.00126422079176,8.07643767577,5.79380102753,0.417714586711
site-a-try-04,site-a,7,6,62.3125,53.9375,11.5184168894,115.382274151,0.00126422079176,6.85548171603,4.66293517341,0.404824310334
site-a-try-04,site-a,8,6,70.6875,53.9375,9.82154403236,124.642533302,0.00126422079176,6.34615688431,3.47538714804,0.353853440619
site-a-try-04,site-a,9,6,79.0625,53.9375,13.6426461584,93.3606722355,0.00126422079176,8.47252972643,5.17011643196,0.378967274525
site-a-try-04,site-a,10,6,87.4375,53.9375,13.6776157948,93.8849918842,0.00126422079176,8.42521317752,5.2524026173,0.384014487327
site-a-try-04,site-a,11,6,95.8125,53.9375,14.0489036101,93.6310670376,0.00126422079176,8.44806212106,5.600841489,0.398667514879
site-a-try-04,site-a,12,6,104.1875,53.9375,14.064224757,93.8046364784,0.00126422079176,8.43243042658,5.63179433044,0.400434039397
site-a-try-04,site-a,13,6,112.5625,53.9375,14.0607951159,93.410490036,0.00126422079176,8.46801114618,5.59278396972,0.397757304876
site-a-try-04,site-a,14,6,120.9375,53.9375,14.1611402053,92.5293734074,0.00126422079176,8.54864830125,5.61249190406,0.396330508892
site-a-try-04,site-a,15,6,129.3125,53.9375,13.4392809761,91.7025005817,0.00126422079176,8.62573065922,4.81355031686,0.358170226921
site-a-try-04,site-a,0,7,3.6875,62.3125,12.0656245314,104.375540614,0.00126422079176,7.57841412021,4.48721041119,0.371900385223
site-a-try-04,site-a,1,7,12.0625,62.3125,12.0499516755,104.143031955,0.00126422079176,7.59533360944,4.45461806609,0.369679330344
site-a-try-04,site-a,2,7,20.4375,62.3125,12.0273781418,103.980535388,0.00126422079176,7.60720328899,4.42017485278,0.367509427298
site-a-try-04,site-a,3,7,28.8125,62.3125,12.011956083,104.35531354,0.00126422079176,7.57988303581,4.43207304717,0.368971799144
site-a-try-04,site-a,4,7,37.1875,62.3125,11.9953666953,105.363588929,0.00126422079176,7.50734745118,4.48801924413,0.374146064737
site-a-try-04,site-a,5,7,45.5625,62.3125,11.9839406144,106.895122409,0.00126422079176,7.39978637911,4.58415423528,0.382524779017
site-a-try-04,site-a,6,7,53.9375,62.3125,11.9792721256,108.638565421,0.00126422079176,7.28103383664,4.69823828896,0.392197308793
site-a-try-04,site-a,7,7,62.3125,62.3125,11.9820947477,109.344712615,0.00126422079176,7.23401298406,4.74808176363,0.396264748661
site-a-try-04,site-a,8,7,70.6875,62.3125,11.9919905451,109.335294724,0.00126422079176,7.23463610534,4.75735443979,0.39671098988
site-a-try-04,site-a,9,7,79.0625,62.3125,11.9880073759,108.924805284,0.00126422079176,7.26190025069,4.72610712525,0.39423625437
site-a-try-04,site-a,10,7,87.4375,62.3125,11.9740975275,107.477704525,0.00126422079176,7.35967589083,4.61442163662,0.385366966157
site-a-try-04,site-a,11,7,95.8125,62.3125,11.9738716074,106.097184777,0.00126422079176,7.45543882673,4.51843278064,0.377357710923
site-a-try-04,site-a,12,7,104.1875,62.3125,11.987441798,105.721639633,0.00126422079176,7.48192208841,4.5055197096,0.375853312618
site-a-try-04,site-a,13,7,112.5625,62.3125,12.0127603864,105.360240102,0.00126422079176,7.50758606881,4.50517431758,0.375032396608
site-a-try-04,site-a,14,7,120.9375,62.3125,12.0460875121,105.127700329,0.00126422079176,7.52419265637,4.52189485569,0.37538286611
site-a-try-04,site-a,15,7,129.3125,62.3125,12.0756453387,104.735003114,0.00126422079176,7.5524041369,4.52324120176,0.374575525771
site-a-try-05,site-a,5,2,45.5625,20.4375,17.6464603636,111.545121551,0.00126422079176,7.09131031281,10.5551500508,0.59814545429
site-a-try-05,site-a,1,3,12.0625,28.8125,19.8271302606,91.5618978739,0.00126422079176,8.63897635547,11.1881539051,0.564285086045
site-a-try-05,site-a,2,3,20.4375,28.8125,17.4105430137,139.699145794,0.00126422079176,5.6621754292,11.7483675845,0.674784673588
site-a-try-05,site-a,3,3,28.8125,28.8125,19.3537110052,133.88098073,0.00126422079176,5.90824078582,13.4454702194,0.694723105856
site-a-try-05,site-a,4,3,37.1875,28.8125,19.0962443189,131.676700592,0.00126422079176,6.00714528264,13.0890990363,0.685427920678
site-a-try-05,site-a,5,3,45.5625,28.8125,15.0513799311,129.502771854,0.00126422079176,6.10798563975,8.94339429133,0.594190986626
site-a-try-05,site-a,6,3,53.9375,28.8125,17.3274063564,95.4382067919,0.00126422079176,8.28809653266,9.03930982371,0.521677026429
site-a-try-05,site-a,1,4,12.0625,37.1875,19.9022463546,99.3606324196,0.00126422079176,7.96091018679,11.9413361679,0.599999414894
site-a-try-05,site-a,2,4,20.4375,37.1875,17.4103155595,143.200984478,0.00126422079176,5.5237125197,11.8866030398,0.682733348467
site-a-try-05,site-a,3,4,28.8125,37.1875,19.3188121782,140.405352354,0.00126422079176,5.63369599188,13.6851161863,0.708382899533
site-a-try-05,site-a,4,4,37.1875,37.1875,19.0947441368,138.260342121,0.00126422079176,5.72109875225,13.3736453846,0.700383586643
site-a-try-05,site-a,5,4,45.5625,37.1875,15.0952587832,137.272720814,0.00126422079176,5.76225972725,9.33299905598,0.618273538069
site-a-try-05,site-a,6,4,53.9375,37.1875,17.3236302758,79.4576114416,0.00126422079176,9.95500690801,7.36862336783,0.425350994595
site-a-try-05,site-a,8,4,70.6875,37.1875,14.0166948565,75.4900509119,0.00126422079176,10.4782161522,3.53847870429,0.252447437896
site-a-try-05,site-a,9,4,79.0625,37.1875,13.1954153357,69.1642996073,0.00126422079176,11.4365514476,1.75886388815,0.13329356018
site-a-try-05,site-a,10,4,87.4375,37.1875,13.9546556492,58.980956912,0.00126422079176,13.4111264416,0.543529207558,0.0389496682127
site-a-try-05,site-a,11,4,95.8125,37.1875,14.5438902512,61.45708251,0.00126422079176,12.8707878488,1.67310240233,0.115038161966
site-a-try-05,site-a,12,4,104.1875,37.1875,15.5200230066,59.9175918698,0.00126422079176,13.2014830054,2.31854000119,0.14939024254
site-a-try-05,site-a,5,5,45.5625,45.5625,17.7185339185,134.188637733,0.00126422079176,5.89469484269,11.8238390758,0.667314752462
site-a-try-05,site-a,8,5,70.6875,45.5625,14.3239718305,89.2344869375,0.00126422079176,8.86429785099,5.45967397949,0.381156430919
site-a-try-05,site-a,9,5,79.0625,45.5625,11.2341193817,90.4695413113,0.00126422079176,8.74328596487,2.4908334168,0.221720397672
site-a-try-05,site-a,10,5,87.4375,45.5625,10.9385260454,81.7528065443,0.00126422079176,9.67552190843,1.26300413695,0.115463832303
site-a-try-05,site-a,11,5,95.8125,45.5625,12.0544477115,73.9221777916,0.00126422079176,10.7004568105,1.35399090107,0.11232293121
site-a-try-05,site-a,12,5,104.1875,45.5625,15.7961937725,63.6940358877,0.00126422079176,12.4187619731,3.3774317994,0.213813013948
site-a-try-05,site-a,0,6,3.6875,53.9375,9.89698773625,121.060680509,0.00126422079176,6.53392222373,3.36306551252,0.339806979875
site-a-try-05,site-a,1,6,12.0625,53.9375,14.2143906719,93.5152703524,0.00126422079176,8.45852306061,5.75586761133,0.404932419839
site-a-try-05,site-a,2,6,20.4375,53.9375,14.099284744,134.965140581,0.00126422079176,5.86078054962,8.23850419434,0.584320718671
site-a-try-05,site-a,3,6,28.8125,53.9375,14.0422883438,137.39122963,0.00126422079176,5.75728940579,8.28499893796,0.590003476296
site-a-try-05,site-a,4,6,37.1875,53.9375,14.104708605,135.072182894,0.00126422079176,5.85613598484,8.24857262013,0.584809856846
site-a-try-05,site-a,5,6,45.5625,53.9375,14.1836293926,131.084776402,0.00126422079176,6.03427104588,8.14935834672,0.574560863172
site-a-try-05,site-a,6,6,53.9375,53.9375,14.1492908511,114.2049402,0.00126422079176,6.92615459025,7.22313626082,0.510494577915
site-a-try-05,site-a,7,6,62.3125,53.9375,14.1597168343,103.91467464,0.00126422079176,7.61202470717,6.54769212709,0.462416883313
site-a-try-05,site-a,8,6,70.6875,53.9375,14.2077226956,99.5448503494,0.00126422079176,7.94617770802,6.26154498755,0.440714189157
site-a-try-05,site-a,9,6,79.0625,53.9375,14.028771622,94.942545414,0.00126422079176,8.331365747,5.69740587501,0.406122932821
site-a-try-05,site-a,10,6,87.4375,53.9375,14.0668982712,79.3367440701,0.00126422079176,9.97017309024,4.09672518094,0.291231592208
site-a-try-05,site-a,11,6,95.8125,53.9375,14.116160298,76.4703627825,0.00126422079176,10.3438906527,3.77226964525,0.267230575853
site-a-try-05,site-a,12,6,104.1875,53.9375,14.1355000101,71.1223343611,0.00126422079176,11.1216972545,3.01380275565,0.21320807566
site-a-try-05,site-a,13,6,112.5625,53.9375,14.2061441902,68.8426325321,0.00126422079176,11.4899887134,2.7161554768,0.191195826287
site-a-try-05,site-a,14,6,120.9375,53.9375,9.8986551023,123.959209085,0.00126422079176,6.38114002692,3.51751507537,0.355352827129
site-a-try-05,site-a,15,6,129.3125,53.9375,9.83941970925,123.334211111,0.00126422079176,6.41347655017,3.42594315908,0.348185488607
site-a-try-05,site-a,0,7,3.6875,62.3125,8.45977306882,133.60181284,0.00126422079176,5.92058636019,2.53918670862,0.30014832407
site-a-try-05,site-a,1,7,12.0625,62.3125,8.46363725509,136.618912458,0.00126422079176,5.78983580356,2.67380145153,0.315916357346
site-a-try-05,site-a,2,7,20.4375,62.3125,8.40600973589,143.974217892,0.00126422079176,5.49404665903,2.91196307685,0.346414430669
site-a-try-05,site-a,3,7,28.8125,62.3125,11.8561629507,141.715641737,0.00126422079176,5.58160737304,6.27455557765,0.529223122501
site-a-try-05,site-a,4,7,37.1875,62.3125,11.8601875382,139.142337799,0.00126422079176,5.68483384214,6.17535369604,0.520679262124
site-a-try-05,site-a,5,7,45.5625,62.3125,11.8871501739,135.066168785,0.00126422079176,5.85639674176,6.03075343216,0.507333830559
site-a-try-05,site-a,6,7,53.9375,62.3125,11.9034352952,129.930788994,0.00126422079176,6.08786475415,5.81557054104,0.488562368494
site-a-try-05,site-a,7,7,62.3125,62.3125,11.9064544932,123.569234014,0.00126422079176,6.4012784178,5.50517607536,0.462369051889
site-a-try-05,site-a,8,7,70.6875,62.3125,11.895688874,118.491988897,0.00126422079176,6.67556581804,5.22012305596,0.438824780242
site-a-try-05,site-a,9,7,79.0625,62.3125,11.8825110544,110.206838846,0.00126422079176,7.17742273598,4.7050883184,0.395967510307
site-a-try-05,site-a,10,7,87.4375,62.3125,11.8924791263,95.5410052538,0.00126422079176,8.27917885827,3.61330026804,0.303830700871
site-a-try-05,site-a,11,7,95.8125,62.3125,11.8903297738,89.9562586546,0.00126422079176,8.79317440082,3.09715537295,0.260476827126
site-a-try-05,site-a,12,7,104.1875,62.3125,8.56976467239,127.702008009,0.00126422079176,6.19411615469,2.3756485177,0.277212806713
site-a-try-05,site-a,13,7,112.5625,62.3125,8.45543821474,136.138168335,0.00126422079176,5.81028142562,2.64515678911,0.312834973414
site-a-try-05,site-a,14,7,120.9375,62.3125,8.318609742,134.415683746,0.00126422079176,5.8847379171,2.43387182491,0.292581561149
site-a-try-05,site-a,15,7,129.3125,62.3125,8.41421480136,134.147032499,0.00126422079176,5.89652306173,2.51769173963,0.299218857501
site-b-try-01,site-b,6,1,53.9375,12.0625,10.3380438358,21.1395411491,0.00114243885889,41.4067817149,31.0687378791,3.00528207974
site-b-try-01,site-b,7,1,62.3125,12.0625,8.84518460003,20.2086706161,0.00114243885889,43.3140993062,34.4689147062,3.89691298315
site-b-try-01,site-b,8,1,70.6875,12.0625,7.87212902206,21.4337647855,0.00114243885889,40.8383862879,32.9662572658,4.18771810948
site-b-try-01,site-b,5,2,45.5625,20.4375,10.9189830007,28.4163352251,0.00114243885889,30.8034220099,19.8844390093,1.8210889245
site-b-try-01,site-b,6,2,53.9375,20.4375,9.04942413989,33.3880913854,0.00114243885889,26.2165439711,17.1671198312,1.89704002882
site-b-try-01,site-b,7,2,62.3125,20.4375,7.40050216527,37.1388070583,0.00114243885889,23.5688875127,16.1683853475,2.18476868007
site-b-try-01,site-b,8,2,70.6875,20.4375,7.05324213852,37.2096782923,0.00114243885889,23.523997145,16.4707550065,2.33520339768
site-b-try-01,site-b,1,3,12.0625,28.8125,17.0080420573,45.8123607635,0.00114243885889,19.1066417737,2.09859971641,0.123388671626
site-b-try-01,site-b,2,3,20.4375,28.8125,14.3356133171,60.1683785915,0.00114243885889,14.5478469988,0.212233681684,0.0148046460929
site-b-try-01,site-b,3,3,28.8125,28.8125,13.9269188339,72.2942581177,0.00114243885889,12.1077439441,1.81917488987,0.130622926116
site-b-try-01,site-b,4,3,37.1875,28.8125,3.29892676546,86.327377677,0.00114243885889,10.1395454081,6.84061864261,2.07358911821
site-b-try-01,site-b,5,3,45.5625,28.8125,3.12797272317,89.2170113921,0.00114243885889,9.81113749784,6.68316477467,2.13658026017
site-b-try-01,site-b,6,3,53.9375,28.8125,9.01723948764,61.2821708918,0.00114243885889,14.2834425279,5.26620304022,0.584014991222
site-b-try-01,site-b,7,3,62.3125,28.8125,8.60893961759,54.7720597982,0.00114243885889,15.9811474891,7.37220787146,0.856343312757
site-b-try-01,site-b,8,3,70.6875,28.8125,8.24353506415,57.0638526678,0.00114243885889,15.3393142067,7.09577914253,0.860768964687
site-b-try-01,site-b,9,3,79.0625,28.8125,12.8626834456,55.8671522141,0.00114243885889,15.6678894704,2.80520602479,0.218088708834
site-b-try-01,site-b,0,4,3.6875,37.1875,6.12011690348,139.515120745,0.00114243885889,6.27401790747,0.15390100399,0.0251467425242
site-b-try-01,site-b,1,4,12.0625,37.1875,6.41371034914,154.762593746,0.00114243885889,5.65589103107,0.757819318069,0.118156149376
site-b-try-01,site-b,2,4,20.4375,37.1875,5.85087242629,167.811331987,0.00114243885889,5.21609807603,0.634774350265,0.1084922562
site-b-try-01,site-b,3,4,28.8125,37.1875,4.8684388307,174.038826227,0.00114243885889,5.02945454695,0.161015716252,0.0330733776989
site-b-try-01,site-b,4,4,37.1875,37.1875,3.64718767166,179.557651758,0.00114243885889,4.87487086929,1.22768319764,0.336610920018
site-b-try-01,site-b,5,4,45.5625,37.1875,3.63308164939,180.187788486,0.00114243885889,4.85782290391,1.22474125452,0.337108100702
site-b-try-01,site-b,6,4,53.9375,37.1875,3.70870383023,172.072132111,0.00114243885889,5.08693857151,1.37823474128,0.371621678185
site-b-try-01,site-b,7,4,62.3125,37.1875,4.05897138265,143.312938452,0.00114243885889,6.10775534555,2.04878396289,0.504754473423
site-b-try-01,site-b,8,4,70.6875,37.1875,7.64313644899,112.019531727,0.00114243885889,7.81399772362,0.170861274634,0.0223548638408
site-b-try-01,site-b,9,4,79.0625,37.1875,5.78100207076,102.119809747,0.00114243885889,8.57150408021,2.79050200946,0.482702129372
site-b-try-01,site-b,10,4,87.4375,37.1875,4.88943423561,105.945151925,0.00114243885889,8.26201435375,3.37258011814,0.689768990771
site-b-try-01,site-b,11,4,95.8125,37.1875,5.54435833787,104.562075257,0.00114243885889,8.3712987119,2.82694037403,0.50987692385
site-b-try-01,site-b,12,4,104.1875,37.1875,6.3823895142,100.53616333,0.00114243885889,8.70652247829,2.32413296409,0.364147778653
site-b-try-01,site-b,13,4,112.5625,37.1875,5.57736990505,94.0526132584,0.00114243885889,9.30670967653,3.72933977148,0.66865562711
site-b-try-01,site-b,14,4,120.9375,37.1875,4.85788143331,102.520188451,0.00114243885889,8.5380292325,3.6801477992,0.7575622933
site-b-try-01,site-b,15,4,129.3125,37.1875,4.93468261497,118.83243084,0.00114243885889,7.3660057253,2.43132311032,0.492701010384
site-b-try-01,site-b,0,5,3.6875,45.5625,2.23232588824,429.309782982,0.00114243885889,2.03890151264,0.193424375594,0.0866470153901
site-b-try-01,site-b,1,5,12.0625,45.5625,2.29578301108,434.361546516,0.00114243885889,2.01518843676,0.280594574311,0.122221731304
site-b-try-01,site-b,2,5,20.4375,45.5625,2.30662619679,440.028734207,0.00114243885889,1.98923456099,0.317391635799,0.137599944127
site-b-try-01,site-b,3,5,28.8125,45.5625,2.27126832432,439.788405895,0.00114243885889,1.99032160508,0.280946719244,0.123695961519
site-b-try-01,site-b,4,5,37.1875,45.5625,2.23725025486,437.236030102,0.00114243885889,2.00194015509,0.235310099768,0.105178264817
site-b-try-01,site-b,5,5,45.5625,45.5625,2.20982973242,434.204872608,0.00114243885889,2.01591557611,0.193914156307,0.0877507228101
site-b-try-01,site-b,6,5,53.9375,45.5625,2.19295474475,424.792006493,0.00114243885889,2.06058577501,0.132368969747,0.0603610129501
site-b-try-01,site-b,7,5,62.3125,45.5625,2.18779222007,415.146375656,0.00114243885889,2.10846202025,0.0793301998168,0.03626039031
site-b-try-01,site-b,8,5,70.6875,45.5625,2.1957176856,408.699677944,0.00114243885889,2.14172022429,0.0539974613053,0.0245921694121
site-b-try-01,site-b,9,5,79.0625,45.5625,2.21566514783,402.258891582,0.00114243885889,2.17601247413,0.0396526736957,0.0178965100997
site-b-try-01,site-b,10,5,87.4375,45.5625,2.24490781649,403.75524044,0.00114243885889,2.16794799978,0.0769598167041,0.0342819496368
site-b-try-01,site-b,11,5,95.8125,45.5625,2.27933670714,404.525314808,0.00114243885889,2.1638209869,0.115515720241,0.0506795331636
site-b-try-01,site-b,12,5,104.1875,45.5625,2.31457557224,411.680670738,0.00114243885889,2.12621196022,0.188363612024,0.0813814913986
site-b-try-01,site-b,13,5,112.5625,45.5625,2.2456878317,421.073636055,0.00114243885889,2.07878216769,0.166905664011,0.0743227360702
site-b-try-01,site-b,14,5,120.9375,45.5625,2.20647144303,424.553622246,0.00114243885889,2.06174278124,0.144728661791,0.0655928098451
site-b-try-01,site-b,15,5,129.3125,45.5625,2.2018389139,423.502784252,0.00114243885889,2.06685858621,0.13498032769,0.0613034526905
site-b-try-01,site-b,0,6,3.6875,53.9375,1.54528924162,685.262626648,0.00114243885889,1.27735021855,0.267939023064,0.173390855154
site-b-try-01,site-b,1,6,12.0625,53.9375,1.53884052295,685.226928711,0.00114243885889,1.27741676405,0.261423758895,0.169883594172
site-b-try-01,site-b,2,6,20.4375,53.9375,1.52959316152,682.036994934,0.00114243885889,1.28339132982,0.2462018317,0.160959030083
site-b-try-01,site-b,3,6,28.8125,53.9375,1.51906560605,679.246731758,0.00114243885889,1.28866334572,0.230402260335,0.151673673222
site-b-try-01,site-b,4,6,37.1875,53.9375,1.50876427661,675.814700127,0.00114243885889,1.29520764457,0.213556632046,0.141544067126
site-b-try-01,site-b,5,6,45.5625,53.9375,1.5004637364,671.988689423,0.00114243885889,1.30258199236,0.19788174404,0.131880390868
site-b-try-01,site-b,6,6,53.9375,53.9375,1.49515822068,667.650101662,0.00114243885889,1.31104655528,0.184111665403,0.1231385835
site-b-try-01,site-b,7,6,62.3125,53.9375,1.49360409814,665.165101051,0.00114243885889,1.31594451442,0.177659583716,0.118946904295
site-b-try-01,site-b,8,6,70.6875,53.9375,1.49611099548,659.315412521,0.00114243885889,1.32762005755,0.16849093793,0.112619276537
site-b-try-01,site-b,9,6,79.0625,53.9375,1.50223815438,647.143659592,0.00114243885889,1.35259049972,0.149647654666,0.0996164650921
site-b-try-01,site-b,10,6,87.4375,53.9375,1.5110269671,648.601169586,0.00114243885889,1.34955101372,0.161475953385,0.106865037422
site-b-try-01,site-b,11,6,95.8125,53.9375,1.52156647768,662.80860424,0.00114243885889,1.32062311852,0.200943359163,0.132063476759
site-b-try-01,site-b,12,6,104.1875,53.9375,1.53180822036,678.676740646,0.00114243885889,1.28974563808,0.242062582284,0.158024078384
site-b-try-01,site-b,13,6,112.5625,53.9375,1.54056135551,684.830844879,0.00114243885889,1.27815558026,0.262405775254,0.170331271984
site-b-try-01,site-b,14,6,120.9375,53.9375,1.54621810611,682.733095169,0.00114243885889,1.28208281114,0.264135294965,0.170826673108
site-b-try-01,site-b,15,6,129.3125,53.9375,1.54792707975,682.1850214,0.00114243885889,1.28311284836,0.264814231395,0.171076683688
site-b-try-01,site-b,0,7,3.6875,62.3125,1.29507496545,870.380284309,0.00114243885889,1.00567577379,0.289399191656,0.223461343457
site-b-try-01,site-b,1,7,12.0625,62.3125,1.29349109695,870.419672012,0.00114243885889,1.00563026556,0.287860831391,0.222545661172
site-b-try-01,site-b,2,7,20.4375,62.3125,1.29116286482,869.412680626,0.00114243885889,1.00679503005,0.284367834768,0.220241646129
site-b-try-01,site-b,3,7,28.8125,62.3125,1.28850121175,869.146129608,0.00114243885889,1.00710379543,0.281397416313,0.21839127022
site-b-try-01,site-b,4,7,37.1875,62.3125,1.28592889302,867.430293083,0.00114243885889,1.00909591571,0.276832977307,0.215278604291
site-b-try-01,site-b,5,7,45.5625,62.3125,1.28380909675,864.350958824,0.00114243885889,1.01269091794,0.271118178812,0.211182627929
site-b-try-01,site-b,6,7,53.9375,62.3125,1.28240972853,863.955147743,0.00114243885889,1.0131548706,0.269254857932,0.209960086813
site-b-try-01,site-b,7,7,62.3125,62.3125,1.28201679143,866.946840286,0.00114243885889,1.00965863792,0.272358153511,0.212445075081
site-b-try-01,site-b,8,7,70.6875,62.3125,1.2826539128,867.006342888,0.00114243885889,1.0095893451,0.273064567702,0.212890293302
site-b-try-01,site-b,9,7,79.0625,62.3125,1.28424373585,863.561657906,0.00114243885889,1.01361652396,0.270627211887,0.210728854915
site-b-try-01,site-b,10,7,87.4375,62.3125,1.28650049586,865.515746117,0.00114243885889,1.01132806635,0.275172429516,0.213892206338
site-b-try-01,site-b,11,7,95.8125,62.3125,1.28914435694,870.606956482,0.00114243885889,1.00541393495,0.283730421983,0.22009204823
site-b-try-01,site-b,12,7,104.1875,62.3125,1.29174642282,873.300934792,0.00114243885889,1.0023124115,0.28943401132,0.224064109029
site-b-try-01,site-b,13,7,112.5625,62.3125,1.29391980499,874.648983002,0.00114243885889,1.00076760269,0.293152202299,0.226561338012
site-b-try-01,site-b,14,7,120.9375,62.3125,1.29533100882,874.9006567,0.00114243885889,1.00047972214,0.294851286677,0.227626208799
site-b-try-01,site-b,15,7,129.3125,62.3125,1.2957181098,872.829402924,0.00114243885889,1.00285389445,0.292864215343,0.22602463694
site-b-try-02,site-b,0,1,3.6875,12.0625,6.63826073098,33.4348666668,0.00114243885889,26.1798671022,19.5416063712,2.94378409694
site-b-try-02,site-b,1,1,12.0625,12.0625,11.1305766152,30.799025923,0.00114243885889,28.4203912196,17.2898146044,1.55336198673
site-b-try-02,site-b,14,1,120.9375,12.0625,5.19216132631,62.3362489343,0.00114243885889,14.0419159138,8.84975458746,1.70444522643
site-b-try-02,site-b,15,1,129.3125,12.0625,5.40702944911,52.3972344995,0.00114243885889,16.7054687958,11.2984393466,2.08958346778
site-b-try-02,site-b,0,2,3.6875,20.4375,4.54137555172,64.5530713201,0.00114243885889,13.5597013127,9.01832576094,1.98581369416
site-b-try-02,site-b,1,2,12.0625,20.4375,7.51040488536,51.7729636431,0.00114243885889,16.9069009058,9.39649602048,1.25113042025
site-b-try-02,site-b,2,2,20.4375,20.4375,4.16905824772,37.8999733329,0.00114243885889,23.0955404171,18.9264821693,4.53974999742
site-b-try-02,site-b,5,2,45.5625,20.4375,18.5590537284,21.5999279022,0.00114243885889,40.5242262788,21.9651725504,1.18352869019
site-b-try-02,site-b,13,2,112.5625,20.4375,17.4244814509,23.9453295767,0.00114243885889,36.5549516915,19.1304702406,1.09790757874
site-b-try-02,site-b,14,2,120.9375,20.4375,3.46884434843,82.8343579769,0.00114243885889,10.5671171636,7.09827281519,2.04629326145
site-b-try-02,site-b,15,2,129.3125,20.4375,3.65038534476,74.6135829687,0.00114243885889,11.7313809509,8.0809956061,2.21373768599
site-b-try-02,site-b,0,3,3.6875,28.8125,3.09794401486,102.78032589,0.00114243885889,8.51641944447,5.41847542961,1.74905531011
site-b-try-02,site-b,1,3,12.0625,28.8125,3.08111063393,91.2823940516,0.00114243885889,9.58914777608,6.50803714215,2.11223740897
site-b-try-02,site-b,2,3,20.4375,28.8125,2.58860171056,120.48266232,0.00114243885889,7.26511473982,4.67651302926,1.80657882214
site-b-try-02,site-b,3,3,28.8125,28.8125,2.9033033322,171.322172165,0.00114243885889,5.1092065601,2.2059032279,0.759790822898
site-b-try-02,site-b,4,3,37.1875,28.8125,3.85610737057,159.300112247,0.00114243885889,5.49478813019,1.63868075962,0.424957243703
site-b-try-02,site-b,5,3,45.5625,28.8125,7.1103153731,80.7933928967,0.00114243885889,10.8340587582,3.72374338508,0.523710017022
site-b-try-02,site-b,13,3,112.5625,28.8125,4.61213304589,37.3550931215,0.00114243885889,23.4324236073,18.8202905614,4.08060443491
site-b-try-02,site-b,14,3,120.9375,28.8125,2.94772387535,98.2792414427,0.00114243885889,8.90646237258,5.95873849723,2.02147105673
site-b-try-02,site-b,15,3,129.3125,28.8125,3.10006381017,103.007129073,0.00114243885889,8.49766781961,5.39760400944,1.74112674447
site-b-try-02,site-b,0,4,3.6875,37.1875,1.45214883462,235.219480991,0.00114243885889,3.72129197048,2.26914313586,1.56261058217
site-b-try-02,site-b,1,4,12.0625,37.1875,1.41487960158,237.855028868,0.00114243885889,3.68005826945,2.26517866787,1.60096920285
site-b-try-02,site-b,2,4,20.4375,37.1875,1.53410668094,234.710958481,0.00114243885889,3.72935448596,2.19524780502,1.43096163538
site-b-try-02,site-b,3,4,28.8125,37.1875,1.87924757457,227.368372202,0.00114243885889,3.84978947352,1.97054189896,1.04858025394
site-b-try-02,site-b,4,4,37.1875,37.1875,2.31578431959,222.490750074,0.00114243885889,3.93418767127,1.61840335168,0.698857548173
site-b-try-02,site-b,5,4,45.5625,37.1875,2.39768850885,191.332054377,0.00114243885889,4.57487569852,2.17718718967,0.908035877734
site-b-try-02,site-b,6,4,53.9375,37.1875,3.50638772345,141.05888629,0.00114243885889,6.20535429521,2.69896657176,0.769728502557
site-b-try-02,site-b,7,4,62.3125,37.1875,4.05414813794,124.757374763,0.00114243885889,7.01618134859,2.96203321066,0.730617902918
site-b-try-02,site-b,8,4,70.6875,37.1875,5.18446196946,111.697922707,0.00114243885889,7.83649637079,2.65203440133,0.511535124947
site-b-try-02,site-b,9,4,79.0625,37.1875,5.55193833228,87.9146779776,0.00114243885889,9.95647582464,4.40453749236,0.793333288079
site-b-try-02,site-b,10,4,87.4375,37.1875,6.36238253582,68.52904284,0.00114243885889,12.7729839735,6.41060143768,1.00757874925
site-b-try-02,site-b,11,4,95.8125,37.1875,1.96480791456,81.9255101681,0.00114243885889,10.6843444016,8.71953648707,4.43785696426
site-b-try-02,site-b,12,4,104.1875,37.1875,1.51040180103,185.130842686,0.00114243885889,4.72811743963,3.2177156386,2.13037063145
site-b-try-02,site-b,13,4,112.5625,37.1875,1.29843332413,209.986561775,0.00114243885889,4.16845896478,2.87002564065,2.21037583317
site-b-try-02,site-b,14,4,120.9375,37.1875,1.22398419054,222.747555256,0.00114243885889,3.92965195469,2.70566776415,2.21054143106
site-b-try-02,site-b,15,4,129.3125,37.1875,1.31261700819,228.156980515,0.00114243885889,3.83648295108,2.52386594289,1.92277406673
site-b-try-02,site-b,0,5,3.6875,45.5625,0.749094546715,364.078919411,0.00114243885889,2.40420502053,1.65511047381,2.20948140802
site-b-try-02,site-b,1,5,12.0625,45.5625,0.82434165202,363.599401951,0.00114243885889,2.40737570309,1.58303405107,1.92036159667
site-b-try-02,site-b,2,5,20.4375,45.5625,0.947433200166,360.246253967,0.00114243885889,2.42978339476,1.4823501946,1.56459599931
site-b-try-02,site-b,3,5,28.8125,45.5625,1.08030203465,354.442586899,0.00114243885889,2.46956883363,1.38926679897,1.28599850265
site-b-try-02,site-b,4,5,37.1875,45.5625,1.23280879876,345.954388142,0.00114243885889,2.53016118864,1.29735238988,1.0523549079
site-b-try-02,site-b,5,5,45.5625,45.5625,1.43513092932,322.927747726,0.00114243885889,2.71057650536,1.27544557604,0.888731160327
site-b-try-02,site-b,6,5,53.9375,45.5625,1.82438883147,280.780603886,0.00114243885889,3.11745310681,1.29306427534,0.708765726381
site-b-try-02,site-b,7,5,62.3125,45.5625,1.91480802278,260.674957752,0.00114243885889,3.35789971335,1.44309169058,0.753648237011
site-b-try-02,site-b,8,5,70.6875,45.5625,1.42095319882,266.936256409,0.00114243885889,3.27913629153,1.85818309271,1.30770182596
site-b-try-02,site-b,9,5,79.0625,45.5625,1.14423547319,299.503809452,0.00114243885889,2.92256838908,1.77833291589,1.55416691543
site-b-try-02,site-b,10,5,87.4375,45.5625,0.982350408799,316.251571655,0.00114243885889,2.76779767871,1.78544726991,1.8175258583
site-b-try-02,site-b,11,5,95.8125,45.5625,0.857859539844,326.012571335,0.00114243885889,2.68492826007,1.82706872023,2.12979938482
site-b-try-02,site-b,12,5,104.1875,45.5625,0.771930078201,337.64875555,0.00114243885889,2.59239920635,1.82046912815,2.35833423203
site-b-try-02,site-b,13,5,112.5625,45.5625,0.720739253728,346.819621086,0.00114243885889,2.52384903476,1.80310978103,2.5017504898
site-b-try-02,site-b,14,5,120.9375,45.5625,0.700827371947,354.560602665,0.00114243885889,2.46874683576,1.76791946381,2.52261760111
site-b-try-02,site-b,15,5,129.3125,45.5625,0.709872252327,361.631885052,0.00114243885889,2.42047342089,1.71060116857,2.4097309945
site-b-try-02,site-b,0,6,3.6875,53.9375,0.56863145252,495.896352768,0.00114243885889,1.76512765425,1.19649620173,2.10416816803
site-b-try-02,site-b,1,6,12.0625,53.9375,0.595277820293,500.545578003,0.00114243885889,1.74873259176,1.15345477147,1.93767469935
site-b-try-02,site-b,2,6,20.4375,53.9375,0.631326421888,497.130260944,0.00114243885889,1.76074649781,1.12942007592,1.78896373852
site-b-try-02,site-b,3,6,28.8125,53.9375,0.673430712291,493.947927475,0.00114243885889,1.77209037072,1.09865965843,1.63143681804
site-b-try-02,site-b,4,6,37.1875,53.9375,0.715249167185,486.062764168,0.00114243885889,1.80083814364,1.08558897645,1.51777733727
site-b-try-02,site-b,5,6,45.5625,53.9375,0.748070372497,477.1983428,0.00114243885889,1.8342904562,1.08622008371,1.45202927912
site-b-try-02,site-b,6,6,53.9375,53.9375,0.763200804618,471.213443279,0.00114243885889,1.85758784771,1.0943870431,1.43394377531
site-b-try-02,site-b,7,6,62.3125,53.9375,0.756174480658,469.791460037,0.00114243885889,1.86321046757,1.10703598691,1.46399543389
site-b-try-02,site-b,8,6,70.6875,53.9375,0.729069563887,469.307874203,0.00114243885889,1.86513036331,1.13606079942,1.55823374845
site-b-try-02,site-b,9,6,79.0625,53.9375,0.689555478392,467.917597294,0.00114243885889,1.87067203922,1.18111656082,1.71286661891
site-b-try-02,site-b,10,6,87.4375,53.9375,0.646587793365,469.747792244,0.00114243885889,1.86338367176,1.2167958784,1.88187264109
site-b-try-02,site-b,11,6,95.8125,53.9375,0.607716782105,470.810640335,0.00114243885889,1.85917711055,1.25146032845,2.05928216119
site-b-try-02,site-b,12,6,104.1875,53.9375,0.577342886561,473.011129856,0.00114243885889,1.85052805455,1.27318516799,2.20524959713
site-b-try-02,site-b,13,6,112.5625,53.9375,0.557591785648,472.503386974,0.00114243885889,1.85251659574,1.2949248101,2.32235273802
site-b-try-02,site-b,14,6,120.9375,53.9375,0.549487678276,475.203214645,0.00114243885889,1.84199167627,1.292503998,2.35219832782
site-b-try-02,site-b,15,6,129.3125,53.9375,0.553221136189,485.69997406,0.00114243885889,1.80218326676,1.24896213057,2.25761824497
site-b-try-02,site-b,0,7,3.6875,62.3125,0.522424463908,599.701655388,0.00114243885889,1.45959304606,0.937168582152,1.79388341645
site-b-try-02,site-b,1,7,12.0625,62.3125,0.530099815636,602.102657318,0.00114243885889,1.45377263375,0.92367281811,1.74245074393
site-b-try-02,site-b,2,7,20.4375,62.3125,0.539740161193,599.856679916,0.00114243885889,1.45921583475,0.919475673557,1.70355244925
site-b-try-02,site-b,3,7,28.8125,62.3125,0.550077166927,598.948371887,0.00114243885889,1.46142874244,0.911351575515,1.65677041388
site-b-try-02,site-b,4,7,37.1875,62.3125,0.559378113958,594.797323227,0.00114243885889,1.47162795079,0.912249836831,1.63082861855
site-b-try-02,site-b,5,7,45.5625,62.3125,0.566184142503,592.054714203,0.00114243885889,1.47844505739,0.912260914882,1.61124419848
site-b-try-02,site-b,6,7,53.9375,62.3125,0.569238779259,589.970186234,0.00114243885889,1.483668813,0.914430033742,1.6064085355
site-b-try-02,site-b,7,7,62.3125,62.3125,0.567887090548,590.20939827,0.00114243885889,1.48306748161,0.915180391063,1.61155343429
site-b-try-02,site-b,8,7,70.6875,62.3125,0.562271993427,588.389175415,0.00114243885889,1.48765545406,0.925383460631,1.64579326634
site-b-try-02,site-b,9,7,79.0625,62.3125,0.553691545431,583.568481445,0.00114243885889,1.49994455449,0.946253009057,1.70898944884
site-b-try-02,site-b,10,7,87.4375,62.3125,0.543610608768,580.121669769,0.00114243885889,1.5088565236,0.965245914835,1.77562008406
site-b-try-02,site-b,11,7,95.8125,62.3125,0.533487945199,578.671652794,0.00114243885889,1.51263736817,0.979149422968,1.83537309845
site-b-try-02,site-b,12,7,104.1875,62.3125,0.524967037131,577.834253311,0.00114243885889,1.51482948769,0.989862450562,1.88557067501
site-b-try-02,site-b,13,7,112.5625,62.3125,0.519107804978,575.141073227,0.00114243885889,1.52192289277,1.00281508779,1.93180506664
site-b-try-02,site-b,14,7,120.9375,62.3125,0.516618840446,578.213627815,0.00114243885889,1.51383558569,0.997216745239,1.93027560586
site-b-try-02,site-b,15,7,129.3125,62.3125,0.517774001649,588.076434135,0.00114243885889,1.48844659487,0.970672593226,1.87470322985
site-b-try-03,site-b,11,2,95.8125,20.4375,17.5945187744,58.2669067979,0.00114243885889,15.0225988304,2.57191994395,0.146177339484
site-b-try-03,site-b,0,3,3.6875,28.8125,19.2451555816,57.366404593,0.00114243885889,15.2584142605,3.98674132115,0.207155577633
site-b-try-03,site-b,9,3,79.0625,28.8125,16.1286093683,81.7808566093,0.00114243885889,10.7032428151,5.4253665532,0.336381545942
site-b-try-03,site-b,10,3,87.4375,28.8125,14.6974029706,84.505286932,0.00114243885889,10.3581728161,4.33923015456,0.295237884082
site-b-try-03,site-b,11,3,95.8125,28.8125,13.7643086147,75.0568438768,0.00114243885889,11.6620992931,2.10220932166,0.1527290168
site-b-try-03,site-b,12,3,104.1875,28.8125,15.3254600792,63.3538708687,0.00114243885889,13.8163675544,1.50909252477,0.098469639213
site-b-try-03,site-b,0,4,3.6875,37.1875,12.9292488156,87.4662302732,0.00114243885889,10.0075236257,2.92172518983,0.225977953669
site-b-try-03,site-b,1,4,12.0625,37.1875,7.57089044281,87.568862319,0.00114243885889,9.99579465502,2.42490421221,0.320293132033
site-b-try-03,site-b,2,4,20.4375,37.1875,7.45105653291,82.0367743969,0.00114243885889,10.6698535181,3.21879698522,0.43199202301
site-b-try-03,site-b,3,4,28.8125,37.1875,6.88865953393,79.6530526876,0.00114243885889,10.9891628303,4.10050329637,0.595254167545
site-b-try-03,site-b,4,4,37.1875,37.1875,8.53587196669,78.3997977972,0.00114243885889,11.1648293811,2.62895741436,0.307989321374
site-b-try-03,site-b,5,4,45.5625,37.1875,8.7910755844,80.5158419609,0.00114243885889,10.8714054849,2.08032990049,0.236641111832
site-b-try-03,site-b,6,4,53.9375,37.1875,8.75794503238,82.777384758,0.00114243885889,10.574390197,1.81644516458,0.207405408217
site-b-try-03,site-b,7,4,62.3125,37.1875,8.84938239651,85.6944935322,0.00114243885889,10.2144295373,1.36504714074,0.154253379454
site-b-try-03,site-b,8,4,70.6875,37.1875,9.46198129705,88.1281173229,0.00114243885889,9.93236202593,0.470380728874,0.0497127096437
site-b-try-03,site-b,9,4,79.0625,37.1875,12.0251994182,89.1171382666,0.00114243885889,9.82213278995,2.20306662827,0.183204165823
site-b-try-03,site-b,10,4,87.4375,37.1875,13.277765764,92.273840785,0.00114243885889,9.48611609171,3.7916496723,0.285563832025
site-b-try-03,site-b,11,4,95.8125,37.1875,13.810407606,91.8697966337,0.00114243885889,9.52783611141,4.28257149459,0.310097400219
site-b-try-03,site-b,12,4,104.1875,37.1875,15.3256799979,87.5629448891,0.00114243885889,9.99647016239,5.32920983552,0.347730726222
site-b-try-03,site-b,13,4,112.5625,37.1875,17.333056137,79.7142213583,0.00114243885889,10.9807303013,6.3523258357,0.366486197557
site-b-try-03,site-b,14,4,120.9375,37.1875,12.3989099476,83.8771576881,0.00114243885889,10.4357418639,1.96316808368,0.15833392548
site-b-try-03,site-b,15,4,129.3125,37.1875,15.3166472628,84.9557693005,0.00114243885889,10.3032480681,5.0133991947,0.327317010616
site-b-try-03,site-b,0,5,3.6875,45.5625,4.65774442781,160.5988307,0.00114243885889,5.45035329398,0.792608866173,0.170170106681
site-b-try-03,site-b,1,5,12.0625,45.5625,4.29237602399,158.871805191,0.00114243885889,5.50960168711,1.21722566312,0.283578525346
site-b-try-03,site-b,2,5,20.4375,45.5625,4.11346712285,156.669229507,0.00114243885889,5.58705987555,1.4735927527,0.358236180985
site-b-try-03,site-b,3,5,28.8125,45.5625,3.60058784113,154.780528784,0.00114243885889,5.65523566041,2.05464781928,0.570642325625
site-b-try-03,site-b,4,5,37.1875,45.5625,3.99967047249,154.07305932,0.00114243885889,5.68120325367,1.68153278119,0.420417830107
site-b-try-03,site-b,5,5,45.5625,45.5625,4.06218675264,154.245581865,0.00114243885889,5.67484886977,1.61266211713,0.39699359368
site-b-try-03,site-b,6,5,53.9375,45.5625,4.23727893364,154.825034142,0.00114243885889,5.65361002998,1.41633109634,0.334254864623
site-b-try-03,site-b,7,5,62.3125,45.5625,4.08852958666,156.694535017,0.00114243885889,5.58615758884,1.49762800218,0.366299905732
site-b-try-03,site-b,8,5,70.6875,45.5625,4.43632620208,158.71839571,0.00114243885889,5.51492700011,1.07860079802,0.243129280601
site-b-try-03,site-b,9,5,79.0625,45.5625,4.97843040863,162.460199356,0.00114243885889,5.38790651116,0.409476102531,0.0822500404587
site-b-try-03,site-b,10,5,87.4375,45.5625,5.96465100174,164.91489625,0.00114243885889,5.30770952667,0.656941475069,0.1101391305
site-b-try-03,site-b,11,5,95.8125,45.5625,5.75248616238,167.92676425,0.00114243885889,5.2125125487,0.539973613675,0.0938678683326
site-b-try-03,site-b,12,5,104.1875,45.5625,4.37547123999,160.722302914,0.00114243885889,5.44616615147,1.07069491148,0.244703907933
site-b-try-03,site-b,13,5,112.5625,45.5625,4.31641434692,159.496676207,0.00114243885889,5.4880163445,1.17160199758,0.271429455891
site-b-try-03,site-b,14,5,120.9375,45.5625,4.31740279769,160.834642172,0.00114243885889,5.44236213104,1.12495933334,0.260563905213
site-b-try-03,site-b,15,5,129.3125,45.5625,6.02653016267,166.821924925,0.00114243885889,5.24703432303,0.779495839641,0.129344053477
site-b-try-03,site-b,0,6,3.6875,53.9375,3.3601627821,216.608046532,0.00114243885889,4.04103347004,0.680870687937,0.202630268856
site-b-try-03,site-b,1,6,12.0625,53.9375,3.2549823966,215.787718534,0.00114243885889,4.0563956645,0.801413267896,0.24621124487
site-b-try-03,site-b,2,6,20.4375,53.9375,3.07908026649,214.411040068,0.00114243885889,4.0824407439,1.00336047742,0.325863696487
site-b-try-03,site-b,3,6,28.8125,53.9375,2.71158020597,213.317597628,0.00114243885889,4.10336688416,1.3917866782,0.513275128332
site-b-try-03,site-b,4,6,37.1875,53.9375,2.83012234375,212.767553091,0.00114243885889,4.11397486693,1.28385252318,0.453638524147
site-b-try-03,site-b,5,6,45.5625,53.9375,3.14531821517,212.408543348,0.00114243885889,4.12092824571,0.97561003054,0.310178482366
site-b-try-03,site-b,6,6,53.9375,53.9375,3.07885999345,212.491941452,0.00114243885889,4.11931087802,1.04045088457,0.337933808871
site-b-try-03,site-b,7,6,62.3125,53.9375,3.24079880822,213.428469181,0.00114243885889,4.10123527228,0.860436464065,0.265501351668
site-b-try-03,site-b,8,6,70.6875,53.9375,2.97126797484,215.051419497,0.00114243885889,4.07028406492,1.09901609008,0.369881175102
site-b-try-03,site-b,9,6,79.0625,53.9375,2.53769676969,216.538796902,0.00114243885889,4.0423258023,1.50462903261,0.592911277103
site-b-try-03,site-b,10,6,87.4375,53.9375,2.43050973926,217.261991978,0.00114243885889,4.02887020388,1.59836046462,0.657623558877
site-b-try-03,site-b,11,6,95.8125,53.9375,2.50479816329,216.873167753,0.00114243885889,4.03609342264,1.53129525935,0.611344770925
site-b-try-03,site-b,12,6,104.1875,53.9375,2.86139554551,216.408809185,0.00114243885889,4.04475385827,1.18335831276,0.413559850059
site-b-try-03,site-b,13,6,112.5625,53.9375,3.35840617635,216.595285416,0.00114243885889,4.04127155508,0.682865378733,0.203330193811
site-b-try-03,site-b,14,6,120.9375,53.9375,3.21443206457,217.85628581,0.00114243885889,4.01787978097,0.803447716395,0.249950131238
site-b-try-03,site-b,15,6,129.3125,53.9375,3.23134303545,217.670744896,0.00114243885889,4.02130459164,0.789961556184,0.244468491125
site-b-try-03,site-b,0,7,3.6875,62.3125,3.07801443788,259.231088161,0.00114243885889,3.37660259856,0.298588160684,0.0970067446758
site-b-try-03,site-b,1,7,12.0625,62.3125,2.94082260913,258.706851482,0.00114243885889,3.38344485621,0.442622247085,0.150509672264
site-b-try-03,site-b,2,7,20.4375,62.3125,2.82888387495,257.541333675,0.00114243885889,3.39875682642,0.569872951472,0.201447983255
site-b-try-03,site-b,3,7,28.8125,62.3125,2.91864201246,256.135827303,0.00114243885889,3.41740698727,0.498764974806,0.170889397424
site-b-try-03,site-b,4,7,37.1875,62.3125,3.03286734679,255.653762579,0.00114243885889,3.42385090321,0.390983556421,0.128915482187
site-b-try-03,site-b,5,7,45.5625,62.3125,3.0803008492,255.673577785,0.00114243885889,3.42358554801,0.34328469881,0.111445185265
site-b-try-03,site-b,6,7,53.9375,62.3125,3.0576262186,256.034339428,0.00114243885889,3.41876159218,0.361135373579,0.118109719031
site-b-try-03,site-b,7,7,62.3125,62.3125,3.0689634389,256.774929523,0.00114243885889,3.40890120207,0.339937763177,0.110766312452
site-b-try-03,site-b,8,7,70.6875,62.3125,3.06917187394,257.70761919,0.00114243885889,3.39656378288,0.327391908942,0.106671089919
site-b-try-03,site-b,9,7,79.0625,62.3125,3.00023666776,259.059120178,0.00114243885889,3.37884404654,0.378607378779,0.126192504361
site-b-try-03,site-b,10,7,87.4375,62.3125,2.97239931924,259.28168726,0.00114243885889,3.37594365096,0.403544331724,0.135763835334
site-b-try-03,site-b,11,7,95.8125,62.3125,2.98757136038,258.413870335,0.00114243885889,3.38728089472,0.399709534337,0.133790790619
site-b-try-03,site-b,12,7,104.1875,62.3125,3.04475247541,257.934871674,0.00114243885889,3.393571254,0.348818778589,0.114563919861
site-b-try-03,site-b,13,7,112.5625,62.3125,3.08679129622,257.8097229,0.00114243885889,3.39521859792,0.308427301698,0.0999184175735
site-b-try-03,site-b,14,7,120.9375,62.3125,3.05456560254,258.990056515,0.00114243885889,3.37974506703,0.325179464491,0.106456860583
site-b-try-03,site-b,15,7,129.3125,62.3125,3.05950785566,259.21487236,0.00114243885889,3.37681382995,0.317305974289,0.103711442905
site-c-try-02,site-c,2,3,20.4375,28.8125,19.364536117,59.5709524751,0.00124873820903,13.4429336604,5.92160245662,0.305796246336
site-c-try-02,site-c,2,4,20.4375,37.1875,19.1240880941,60.7623888254,0.00124873820903,13.1793429733,5.94474512074,0.310851167988
site-c-try-02,site-c,8,4,70.6875,37.1875,16.730431333,48.8772559166,0.00124873820903,16.384069588,0.34636174497,0.0207024994201
site-c-try-02,site-c,9,4,79.0625,37.1875,15.0604126661,36.9358837008,0.00124873820903,21.6810397362,6.62062707006,0.439604625506
site-c-try-02,site-c,10,4,87.4375,37.1875,15.1240122816,38.4215468764,0.00124873820903,20.8426892542,5.71867697253,0.378119037861
site-c-try-02,site-c,0,5,3.6875,45.5625,19.1774635935,58.4293776155,0.00124873820903,13.7055774833,5.47188611022,0.285328979171
site-c-try-02,site-c,1,5,12.0625,45.5625,18.9740110399,60.8802897334,0.00124873820903,13.1538198277,5.8201912122,0.306745431947
site-c-try-02,site-c,2,5,20.4375,45.5625,18.9846102075,61.6514310241,0.00124873820903,12.9892907416,5.99531946582,0.31579892346
site-c-try-02,site-c,3,5,28.8125,45.5625,19.1065046101,60.3884657025,0.00124873820903,13.2609489725,5.84555563762,0.305945841843
site-c-try-02,site-c,4,5,37.1875,45.5625,18.850532105,56.9407138228,0.00124873820903,14.06389749,4.786634615,0.253925702911
site-c-try-02,site-c,5,5,45.5625,45.5625,12.5985171476,112.980558038,0.00124873820903,7.08801917886,5.51049796874,0.43739258392
site-c-try-02,site-c,6,5,53.9375,45.5625,12.7710246757,110.986488104,0.00124873820903,7.21536806769,5.555656608,0.435020427028
site-c-try-02,site-c,7,5,62.3125,45.5625,11.324258406,110.532105446,0.00124873820903,7.2450294779,4.0792289281,0.360220403125
site-c-try-02,site-c,8,5,70.6875,45.5625,9.73101790618,101.484265685,0.00124873820903,7.89096079874,1.84005710745,0.189091945487
site-c-try-02,site-c,9,5,79.0625,45.5625,9.8101231952,102.699040771,0.00124873820903,7.79762260875,2.01250058645,0.2051452919
site-c-try-02,site-c,10,5,87.4375,45.5625,9.75909362361,104.594859838,0.00124873820903,7.65628792319,2.10280570042,0.215471413793
site-c-try-02,site-c,11,5,95.8125,45.5625,9.80651507651,105.781651378,0.00124873820903,7.57039006085,2.23612501566,0.228024430515
site-c-try-02,site-c,12,5,104.1875,45.5625,9.91867410753,53.4732596278,0.00124873820903,14.9758658399,5.05719173239,0.509865701561
site-c-try-02,site-c,13,5,112.5625,45.5625,19.4861940636,47.5024883151,0.00124873820903,16.8582402862,2.62795377734,0.134862342475
site-c-try-02,site-c,0,6,3.6875,53.9375,8.36598375353,156.842273712,0.00124873820903,5.10581964451,3.26016410902,0.389692856819
site-c-try-02,site-c,1,6,12.0625,53.9375,8.36191699161,159.335227489,0.00124873820903,5.02593415673,3.33598283488,0.398949527749
site-c-try-02,site-c,2,6,20.4375,53.9375,8.35760547991,160.176793575,0.00124873820903,4.99952798614,3.35807749378,0.401798996357
site-c-try-02,site-c,3,6,28.8125,53.9375,8.55081130713,161.981146097,0.00124873820903,4.94383686932,3.60697443781,0.421828328126
site-c-try-02,site-c,4,6,37.1875,53.9375,8.54784030853,156.792829514,0.00124873820903,5.10742975105,3.44041055747,0.402488866578
site-c-try-02,site-c,5,6,45.5625,53.9375,8.54616086834,154.408720732,0.00124873820903,5.18628972777,3.35987114057,0.393143914833
site-c-try-02,site-c,6,6,53.9375,53.9375,8.36014193316,152.942171812,0.00124873820903,5.23602059995,3.12412133321,0.373692379649
site-c-try-02,site-c,7,6,62.3125,53.9375,8.36183339889,152.859685659,0.00124873820903,5.2388460617,3.12298733719,0.373481171917
site-c-try-02,site-c,8,6,70.6875,53.9375,7.76501353286,152.870670557,0.00124873820903,5.23846961154,2.52654392132,0.325375340381
site-c-try-02,site-c,9,6,79.0625,53.9375,7.10474240382,149.152163744,0.00124873820903,5.36906969438,1.73567270944,0.244297767714
site-c-try-02,site-c,10,6,87.4375,53.9375,6.84292276569,147.560685396,0.00124873820903,5.42697643386,1.41594633183,0.206921279155
site-c-try-02,site-c,11,6,95.8125,53.9375,6.97535686838,148.269515753,0.00124873820903,5.40103175048,1.5743251179,0.225698146719
site-c-try-02,site-c,12,6,104.1875,53.9375,7.52731583356,152.761285067,0.00124873820903,5.24222064419,2.28509518936,0.303573709393
site-c-try-02,site-c,13,6,112.5625,53.9375,8.37069366019,154.910455465,0.00124873820903,5.16949201269,3.20120164751,0.382429673986
site-c-try-02,site-c,14,6,120.9375,53.9375,8.37113422822,154.948439598,0.00124873820903,5.168224761,3.20290946722,0.382613559871
site-c-try-02,site-c,15,6,129.3125,53.9375,8.36920479475,155.275389194,0.00124873820903,5.15734248913,3.21186230561,0.383771503313
site-c-try-02,site-c,0,7,3.6875,62.3125,7.24379777403,185.025830746,0.00124873820903,4.32808953746,2.91570823657,0.402510993201
site-c-try-02,site-c,1,7,12.0625,62.3125,7.23878435754,185.792921066,0.00124873820903,4.31021998908,2.92856436846,0.404565770137
site-c-try-02,site-c,2,7,20.4375,62.3125,7.22738161903,185.605938673,0.00124873820903,4.31456217368,2.91281944535,0.40302554907
site-c-try-02,site-c,3,7,28.8125,62.3125,7.21131566075,185.197700262,0.00124873820903,4.32407292896,2.88724273179,0.40037669513
site-c-try-02,site-c,4,7,37.1875,62.3125,7.19307773622,184.576287985,0.00124873820903,4.33863076862,2.85444696759,0.396832492609
site-c-try-02,site-c,5,7,45.5625,62.3125,7.17557108727,183.045001268,0.00124873820903,4.37492614745,2.80064493982,0.390302723749
site-c-try-02,site-c,6,7,53.9375,62.3125,7.16129825958,181.354007959,0.00124873820903,4.41571912979,2.74557912979,0.383391255366
site-c-try-02,site-c,7,7,62.3125,62.3125,7.15249144418,180.361829519,0.00124873820903,4.44001019697,2.71248124721,0.379235860453
site-c-try-02,site-c,8,7,70.6875,62.3125,7.15033606573,180.363329649,0.00124873820903,4.43997326822,2.71036279751,0.379053903564
site-c-try-02,site-c,9,7,79.0625,62.3125,7.15523652343,180.299351454,0.00124873820903,4.44154876738,2.71368775605,0.37925898706
site-c-try-02,site-c,10,7,87.4375,62.3125,7.16646078401,180.787797451,0.00124873820903,4.42954874997,2.73691203403,0.381905673738
site-c-try-02,site-c,11,7,95.8125,62.3125,7.18228801881,181.238891125,0.00124873820903,4.41852384574,2.76376417307,0.384802748906
site-c-try-02,site-c,12,7,104.1875,62.3125,7.20042500823,181.15527916,0.00124873820903,4.42056320922,2.77986179901,0.386069127285
site-c-try-02,site-c,13,7,112.5625,62.3125,7.21812220791,180.871611357,0.00124873820903,4.42749614604,2.79062606187,0.386613856276
site-c-try-02,site-c,14,7,120.9375,62.3125,7.23259158658,180.908720016,0.00124873820903,4.4265879618,2.80600362478,0.387966552679
site-c-try-02,site-c,15,7,129.3125,62.3125,7.24161227151,182.625833988,0.00124873820903,4.38496758493,2.85664468658,0.394476337517
site-c-try-03,site-c,10,1,87.4375,12.0625,13.7100263657,105.88413465,0.00124873820903,7.56306282197,6.14696354371,0.448355340811
site-c-try-03,site-c,11,1,95.8125,12.0625,10.8062885159,111.733277202,0.00124873820903,7.16714288049,3.63914563543,0.336761842891
site-c-try-03,site-c,12,1,104.1875,12.0625,10.237180609,108.245689392,0.00124873820903,7.39806237742,2.83911823156,0.277333998491
site-c-try-03,site-c,9,2,79.0625,20.4375,15.7465506665,98.4099968672,0.00124873820903,8.13746964437,7.60908102216,0.483222083573
site-c-try-03,site-c,10,2,87.4375,20.4375,9.11629901841,129.568575621,0.00124873820903,6.18057548579,2.93572353262,0.32203019303
site-c-try-03,site-c,11,2,95.8125,20.4375,7.20961889923,132.850631475,0.00124873820903,6.02788525215,1.18173364708,0.163910695364
site-c-try-03,site-c,12,2,104.1875,20.4375,6.89525672304,129.434009314,0.00124873820903,6.18700113252,0.708255590517,0.102716348204
site-c-try-03,site-c,9,3,79.0625,28.8125,13.4851721197,104.691090941,0.00124873820903,7.64925033265,5.83592178703,0.432765836078
site-c-try-03,site-c,10,3,87.4375,28.8125,7.7517589008,139.264252663,0.00124873820903,5.75027939258,2.00147950822,0.258196821371
site-c-try-03,site-c,11,3,95.8125,28.8125,6.15223566004,141.973667145,0.00124873820903,5.64054150544,0.511694154605,0.0831720666892
site-c-try-03,site-c,12,3,104.1875,28.8125,5.86614575248,137.778135538,0.00124873820903,5.81230366547,0.0538420870166,0.00917844344283
site-c-try-03,site-c,9,4,79.0625,37.1875,13.3253950622,102.317466378,0.00124873820903,7.82670242488,5.49869263729,0.412647625953
site-c-try-03,site-c,10,4,87.4375,37.1875,7.77376685729,138.043828249,0.00124873820903,5.80111673493,1.97265012235,0.253757304351
site-c-try-03,site-c,11,4,95.8125,37.1875,6.12759596325,140.781296015,0.00124873820903,5.68831503103,0.439280932214,0.0716889518906
site-c-try-03,site-c,12,4,104.1875,37.1875,5.79995543588,134.888977051,0.00124873820903,5.9367961691,0.136840733223,0.0235934111452
site-c-try-03,site-c,0,5,3.6875,45.5625,19.3246186053,58.4338959455,0.00124873820903,13.7045177162,5.62010088911,0.29082596681
site-c-try-03,site-c,1,5,12.0625,45.5625,11.92042381,131.878477812,0.00124873820903,6.0723203323,5.84810347775,0.490595264979
site-c-try-03,site-c,2,5,20.4375,45.5625,9.30098949289,138.47641921,0.00124873820903,5.78299443888,3.51799505401,0.378238794561
site-c-try-03,site-c,3,5,28.8125,45.5625,8.15072252752,143.913892031,0.00124873820903,5.56449659522,2.5862259323,0.317300205419
site-c-try-03,site-c,4,5,37.1875,45.5625,7.90456296274,146.969802618,0.00124873820903,5.44879524871,2.45576771403,0.310677228533
site-c-try-03,site-c,5,5,45.5625,45.5625,8.43633044822,144.338329554,0.00124873820903,5.54813378183,2.88819666638,0.342352244748
site-c-try-03,site-c,6,5,53.9375,45.5625,9.85416322966,137.041665792,0.00124873820903,5.84353931761,4.01062391205,0.406997917385
site-c-try-03,site-c,7,5,62.3125,45.5625,12.2093536802,125.445310354,0.00124873820903,6.38372498699,5.82562869324,0.477144724104
site-c-try-03,site-c,9,5,79.0625,45.5625,15.5273717896,93.6837278605,0.00124873820903,8.54799846781,6.97937332178,0.449488388399
site-c-try-03,site-c,10,5,87.4375,45.5625,9.17858297808,127.149989605,0.00124873820903,6.29813942335,2.88044355473,0.313822249209
site-c-try-03,site-c,11,5,95.8125,45.5625,7.27655932163,130.04190588,0.00124873820903,6.15807924984,1.11848007179,0.153710019028
site-c-try-03,site-c,12,5,104.1875,45.5625,6.87140892652,124.838200927,0.00124873820903,6.41477012857,0.456638797954,0.0664549007106
site-c-try-03,site-c,0,6,3.6875,53.9375,16.3528792084,82.5450565815,0.00124873820903,9.70146966244,6.65140954593,0.40674241283
site-c-try-03,site-c,1,6,12.0625,53.9375,10.1332801381,154.980721712,0.00124873820903,5.16714823213,4.96613190596,0.490081379206
site-c-try-03,site-c,2,6,20.4375,53.9375,8.67536792894,162.530413628,0.00124873820903,4.92712929436,3.74823863458,0.432055293249
site-c-try-03,site-c,3,6,28.8125,53.9375,8.09103451683,166.24757123,0.00124873820903,4.81696277597,3.27407174086,0.404654279259
site-c-try-03,site-c,4,6,37.1875,53.9375,7.88025125331,164.644380808,0.00124873820903,4.86386694936,3.01638430395,0.382777681445
site-c-try-03,site-c,5,6,45.5625,53.9375,8.20568255817,161.091276646,0.00124873820903,4.97114666222,3.23453589595,0.394182430654
site-c-try-03,site-c,6,6,53.9375,53.9375,8.98374593496,151.093987226,0.00124873820903,5.3000677056,3.68367822936,0.410038112835
site-c-try-03,site-c,7,6,62.3125,53.9375,10.6667263068,129.86440897,0.00124873820903,6.16649602891,4.50023027789,0.421894229631
site-c-try-03,site-c,8,6,70.6875,53.9375,14.7525587981,88.3344101906,0.00124873820903,9.06564452609,5.68691427199,0.385486636578
site-c-try-03,site-c,9,6,79.0625,53.9375,16.7290320845,90.4872349501,0.00124873820903,8.84995947386,7.8790726106,0.470981977369
site-c-try-03,site-c,10,6,87.4375,53.9375,13.5254963221,106.504508257,0.00124873820903,7.51900905714,6.00648726494,0.444086273946
site-c-try-03,site-c,11,6,95.8125,53.9375,10.7655116991,108.340454221,0.00124873820903,7.39159133095,3.37392036819,0.313400836159
site-c-try-03,site-c,12,6,104.1875,53.9375,9.74443369528,104.5417099,0.00124873820903,7.66018044832,2.08425324696,0.2138916752
site-c-try-03,site-c,13,6,112.5625,53.9375,16.846138234,85.106831193,0.00124873820903,9.40944870094,7.43668953306,0.441447732991
site-c-try-03,site-c,14,6,120.9375,53.9375,16.9818897514,83.5927919149,0.00124873820903,9.5798733822,7.40201636924,0.435877071256
site-c-try-03,site-c,15,6,129.3125,53.9375,16.9127578275,82.2140045166,0.00124873820903,9.74053468041,7.1722231471,0.424071769977
site-c-try-03,site-c,0,7,3.6875,62.3125,14.0818729796,97.9836044312,0.00124873820903,8.17288123721,5.90899174235,0.419616889808
site-c-try-03,site-c,1,7,12.0625,62.3125,11.938519405,104.960093498,0.00124873820903,7.62964604469,4.30887336033,0.360921921233
site-c-try-03,site-c,2,7,20.4375,62.3125,11.706121288,150.814017534,0.00124873820903,5.30990670033,6.3962145877,0.546399138563
site-c-try-03,site-c,3,7,28.8125,62.3125,9.85868258649,157.775436401,0.00124873820903,5.07562127841,4.78306130808,0.485162319216
site-c-try-03,site-c,4,7,37.1875,62.3125,9.62415848471,157.346827984,0.00124873820903,5.08944713071,4.53471135399,0.471180037319
site-c-try-03,site-c,5,7,45.5625,62.3125,10.1748431873,140.880650759,0.00124873820903,5.68430340076,4.49053978655,0.441337493255
site-c-try-03,site-c,6,7,53.9375,62.3125,13.2755320645,114.216325998,0.00124873820903,7.01133008097,6.26420198351,0.471860709845
site-c-try-03,site-c,7,7,62.3125,62.3125,14.1235964525,104.346886873,0.00124873820903,7.67448254764,6.44911390488,0.456619808316
site-c-try-03,site-c,8,7,70.6875,62.3125,14.257543544,102.103043318,0.00124873820903,7.84313901121,6.41440453275,0.449895489568
site-c-try-03,site-c,9,7,79.0625,62.3125,14.1751991397,102.817349434,0.00124873820903,7.7886501317,6.38654900804,0.450543865034
site-c-try-03,site-c,10,7,87.4375,62.3125,8.01997915778,104.188535094,0.00124873820903,7.68614667137,0.333832486415,0.0416251064806
site-c-try-03,site-c,11,7,95.8125,62.3125,8.14415470459,103.745224118,0.00124873820903,7.71899014163,0.425164562965,0.0522048731129
site-c-try-03,site-c,12,7,104.1875,62.3125,8.36213691031,102.174649596,0.00124873820903,7.83764236407,0.524494546236,0.0627225494944
site-c-try-03,site-c,13,7,112.5625,62.3125,8.60473579863,99.541592598,0.00124873820903,8.04496232488,0.559773473749,0.0650541151813
site-c-try-03,site-c,14,7,120.9375,62.3125,10.7407767624,98.1259964705,0.00124873820903,8.16102145216,2.57975531021,0.240183309577
site-c-try-03,site-c,15,7,129.3125,62.3125,14.1978796328,97.2142653465,0.00124873820903,8.23756019093,5.96031944185,0.419803491508
site-c-try-04,site-c,1,2,12.0625,20.4375,16.5833727189,69.1338450909,0.00124873820903,11.5834489049,4.99992381402,0.301502227488
site-c-try-04,site-c,1,3,12.0625,28.8125,14.1630515654,79.3056464195,0.00124873820903,10.0977471134,4.06530445196,0.287035914061
site-c-try-04,site-c,2,3,20.4375,28.8125,18.0327228863,64.6536784172,0.00124873820903,12.3861222101,5.64660067616,0.313130785171
site-c-try-04,site-c,9,3,79.0625,28.8125,19.393970445,62.2297975421,0.00124873820903,12.8685676933,6.52540275171,0.33646554068
site-c-try-04,site-c,1,4,12.0625,37.1875,14.2252037336,81.3526237011,0.00124873820903,9.84366976475,4.38153396884,0.308012036305
site-c-try-04,site-c,2,4,20.4375,37.1875,17.9590361903,67.3207976818,0.00124873820903,11.8954081025,6.06362808786,0.337636609426
site-c-try-04,site-c,6,4,53.9375,37.1875,16.7169613216,48.1869059801,0.00124873820903,16.6187960385,0.098165283128,0.00587219658163
site-c-try-04,site-c,9,4,79.0625,37.1875,19.4059086388,64.5110197067,0.00124873820903,12.4135126967,6.99239594207,0.360323037288
site-c-try-04,site-c,1,5,12.0625,45.5625,16.6257212651,77.3876624107,0.00124873820903,10.3480107457,6.27771051941,0.377590266269
site-c-try-04,site-c,2,5,20.4375,45.5625,18.8955541635,66.319591403,0.00124873820903,12.074989385,6.82056477847,0.360961352044
site-c-try-04,site-c,5,5,45.5625,45.5625,17.4977765585,72.9711489677,0.00124873820903,10.974314829,6.52346172945,0.37281660945
site-c-try-04,site-c,6,5,53.9375,45.5625,13.235899207,85.9740207195,0.00124873820903,9.31453892126,3.92136028578,0.29626701023
site-c-try-04,site-c,7,5,62.3125,45.5625,16.6535816006,74.5795578957,0.00124873820903,10.7376389027,5.91594269785,0.355235458638
site-c-try-04,site-c,9,5,79.0625,45.5625,19.3549084358,64.0759208798,0.00124873820903,12.4978049666,6.85710346928,0.354282402937
site-c-try-04,site-c,0,6,3.6875,53.9375,17.262371296,78.0177221298,0.00124873820903,10.2644417236,6.9979295724,0.40538634307
site-c-try-04,site-c,1,6,12.0625,53.9375,11.0356794875,89.3828097582,0.00124873820903,8.95931068151,2.07636880601,0.188150517452
site-c-try-04,site-c,2,6,20.4375,53.9375,9.43186994453,95.1414912939,0.00124873820903,8.41702554079,1.01484440374,0.107597370374
site-c-try-04,site-c,3,6,28.8125,53.9375,9.26887713822,97.3544903994,0.00124873820903,8.22569517774,1.04318196048,0.112546745946
site-c-try-04,site-c,4,6,37.1875,53.9375,10.3648212157,95.0946856737,0.00124873820903,8.42116840217,1.94365281357,0.18752400771
site-c-try-04,site-c,5,6,45.5625,53.9375,17.0125199979,81.969717145,0.00124873820903,9.76956356691,7.24295643103,0.425742713714
site-c-try-04,site-c,6,6,53.9375,53.9375,14.9933894105,88.1196722984,0.00124873820903,9.08773649881,5.90565291174,0.393883781047
site-c-try-04,site-c,7,6,62.3125,53.9375,16.5983836022,80.8551323414,0.00124873820903,9.90423661455,6.69414698766,0.403301137514
site-c-try-04,site-c,8,6,70.6875,53.9375,17.0407086974,78.8099350929,0.00124873820903,10.1612615372,6.87944716019,0.403706634645
site-c-try-04,site-c,9,6,79.0625,53.9375,17.1894226293,78.1784572601,0.00124873820903,10.2433380022,6.94608462707,0.404090630434
site-c-try-04,site-c,10,6,87.4375,53.9375,17.4038313527,77.4505562782,0.00124873820903,10.3396076244,7.06422372832,0.405900493124
site-c-try-04,site-c,11,6,95.8125,53.9375,17.0534572436,77.1070024967,0.00124873820903,10.3856762198,6.66778102383,0.39099291883
site-c-try-04,site-c,12,6,104.1875,53.9375,17.0652945254,77.1465696096,0.00124873820903,10.3803495899,6.68494493554,0.391727486776
site-c-try-04,site-c,13,6,112.5625,53.9375,17.0746902399,77.0439622402,0.00124873820903,10.3941741692,6.68051607069,0.39125254847
site-c-try-04,site-c,14,6,120.9375,53.9375,17.0800794642,76.9830948114,0.00124873820903,10.4023924236,6.67768704065,0.390963464464
site-c-try-04,site-c,15,6,129.3125,53.9375,17.180168487,76.9041560888,0.00124873820903,10.4130700204,6.76709846667,0.393890110669
site-c-try-04,site-c,0,7,3.6875,62.3125,14.459413057,93.396273613,0.00124873820903,8.57430742395,5.88510563308,0.407008611613
site-c-try-04,site-c,1,7,12.0625,62.3125,14.5214296784,95.1621751785,0.00124873820903,8.41519606616,6.10623361228,0.420498101599
site-c-try-04,site-c,2,7,20.4375,62.3125,10.7700905723,97.4010704756,0.00124873820903,8.22176140672,2.54832916556,0.236611674569
site-c-try-04,site-c,3,7,28.8125,62.3125,10.8317200908,99.0601298809,0.00124873820903,8.08406331763,2.74765677316,0.253667630822
site-c-try-04,site-c,4,7,37.1875,62.3125,11.8060017114,97.6840552092,0.00124873820903,8.19794346677,3.60805824464,0.305612207489
site-c-try-04,site-c,5,7,45.5625,62.3125,12.7775570837,95.8000599146,0.00124873820903,8.35916347989,4.41839360385,0.34579329796
site-c-try-04,site-c,6,7,53.9375,62.3125,14.7055605959,94.5295821428,0.00124873820903,8.47151065366,6.23404994227,0.423924671324
site-c-try-04,site-c,7,7,62.3125,62.3125,14.516802607,93.2417266369,0.00124873820903,8.58851922947,5.92828337757,0.408373905608
site-c-try-04,site-c,8,7,70.6875,62.3125,14.4455032314,92.2773360014,0.00124873820903,8.67827786226,5.76722536914,0.399240184074
site-c-try-04,site-c,9,7,79.0625,62.3125,14.4476164356,91.3843095303,0.00124873820903,8.76308379771,5.68453263786,0.393458164066
site-c-try-04,site-c,10,7,87.4375,62.3125,14.4504812556,91.2348712683,0.00124873820903,8.77743730086,5.6730439547,0.392585122555
site-c-try-04,site-c,11,7,95.8125,62.3125,14.453731641,91.2691248655,0.00124873820903,8.7741431003,5.67958854066,0.392949632783
site-c-try-04,site-c,12,7,104.1875,62.3125,14.4566567081,91.4501106739,0.00124873820903,8.75677849166,5.69987821645,0.394273609143
site-c-try-04,site-c,13,7,112.5625,62.3125,14.4590847152,91.7877188921,0.00124873820903,8.72456982127,5.73451489393,0.396602897547
site-c-try-04,site-c,14,7,120.9375,62.3125,14.4604312534,92.1419881582,0.00124873820903,8.69102542952,5.76940582392,0.398978821779
site-c-try-04,site-c,15,7,129.3125,62.3125,14.4605321869,92.2709344625,0.00124873820903,8.67887994062,5.78165224632,0.399822922945
site-d-try-02,site-d,9,3,79.0625,28.8125,18.0113633677,66.5951435566,0.00100795985629,14.897527803,3.11383556471,0.172881724784
site-d-try-02,site-d,10,3,87.4375,28.8125,15.249521583,70.5711923838,0.00100795985629,14.0581867638,1.19133481913,0.0781227668455
site-d-try-02,site-d,11,3,95.8125,28.8125,15.5663795519,41.802236259,0.00100795985629,23.7332518895,8.16687233756,0.524648156647
site-d-try-02,site-d,12,3,104.1875,28.8125,18.9124944773,28.7104718387,0.00100795985629,34.5554405462,15.6429460689,0.827122307304
site-d-try-02,site-d,0,4,3.6875,37.1875,19.5202177782,63.3668087125,0.00100795985629,15.6565088701,3.86370890811,0.197933698897
site-d-try-02,site-d,2,4,20.4375,37.1875,19.8743860437,60.7285943627,0.00100795985629,16.3366699508,3.53771609294,0.178003792679
site-d-try-02,site-d,3,4,28.8125,37.1875,19.974844094,60.0625092983,0.00100795985629,16.5178414,3.45700269399,0.173067818588
site-d-try-02,site-d,4,4,37.1875,37.1875,19.2876170864,58.9025902748,0.00100795985629,16.8431133172,2.4445037692,0.126739542695
site-d-try-02,site-d,5,4,45.5625,37.1875,19.307801786,59.3984022141,0.00100795985629,16.7025200291,2.60528175693,0.134934146611
site-d-try-02,site-d,6,4,53.9375,37.1875,17.2817471554,58.0565684438,0.00100795985629,17.0885574065,0.193189748905,0.0111788320456
site-d-try-02,site-d,7,4,62.3125,37.1875,13.7474390865,58.8343681693,0.00100795985629,16.8626439537,3.11520486714,0.226602558305
site-d-try-02,site-d,8,4,70.6875,37.1875,18.0778097298,63.2643836141,0.00100795985629,15.6818567731,2.39595295663,0.13253557773
site-d-try-02,site-d,9,4,79.0625,37.1875,17.5397545639,74.8140034676,0.00100795985629,13.2609265204,4.27882804355,0.243950280373
site-d-try-02,site-d,10,4,87.4375,37.1875,15.285004844,76.8976314068,0.00100795985629,12.9016067794,2.38339806463,0.155930474929
site-d-try-02,site-d,11,4,95.8125,37.1875,15.5693151575,74.8189502954,0.00100795985629,13.2600497435,2.30926541393,0.148321579374
site-d-try-02,site-d,12,4,104.1875,37.1875,19.6119051842,64.0463901758,0.00100795985629,15.4903812682,4.12152391598,0.210154183251
site-d-try-02,site-d,13,4,112.5625,37.1875,19.6120000692,72.7644047737,0.00100795985629,13.6344550026,5.97754506661,0.304790181803
site-d-try-02,site-d,14,4,120.9375,37.1875,18.6220162487,62.6407698989,0.00100795985629,15.8379758786,2.78404037007,0.14950262812
site-d-try-02,site-d,15,4,129.3125,37.1875,16.4424955836,62.0717927217,0.00100795985629,15.9831536866,0.45934189694,0.0279362639695
site-d-try-02,site-d,0,5,3.6875,45.5625,6.23722418733,128.196503043,0.00100795985629,7.73892406677,1.50169987944,0.240764133907
site-d-try-02,site-d,1,5,12.0625,45.5625,6.08153801414,127.343010068,0.00100795985629,7.79079277416,1.70925476002,0.281056330825
site-d-try-02,site-d,2,5,20.4375,45.5625,6.1006220363,126.230662584,0.00100795985629,7.85944541814,1.75882338184,0.288302302842
site-d-try-02,site-d,3,5,28.8125,45.5625,6.06273337919,124.850631356,0.00100795985629,7.94631946911,1.88358608992,0.310682652875
site-d-try-02,site-d,4,5,37.1875,45.5625,5.99955623406,124.196531773,0.00100795985629,7.9881699474,1.98861371333,0.331460134009
site-d-try-02,site-d,5,5,45.5625,45.5625,6.05967878867,124.666345119,0.00100795985629,7.95806600191,1.89838721324,0.313281822263
site-d-try-02,site-d,6,5,53.9375,45.5625,6.29974651626,124.761835814,0.00100795985629,7.95197502672,1.65222851046,0.262269046254
site-d-try-02,site-d,7,5,62.3125,45.5625,6.54215487858,125.757027507,0.00100795985629,7.88904622148,1.34689134289,0.205878853052
site-d-try-02,site-d,8,5,70.6875,45.5625,6.57238597292,127.167335629,0.00100795985629,7.80155531109,1.22916933817,0.187020260714
site-d-try-02,site-d,9,5,79.0625,45.5625,6.66714002027,128.441874027,0.00100795985629,7.72413988966,1.0569998694,0.158538723678
site-d-try-02,site-d,10,5,87.4375,45.5625,6.56128672034,129.52610755,0.00100795985629,7.65948287527,1.09819615493,0.16737512042
site-d-try-02,site-d,11,5,95.8125,45.5625,6.51971840367,129.998187065,0.00100795985629,7.63166798765,1.11194958398,0.170551780788
site-d-try-02,site-d,12,5,104.1875,45.5625,6.61421638268,130.008978844,0.00100795985629,7.63103449855,1.01681811587,0.153732212108
site-d-try-02,site-d,13,5,112.5625,45.5625,6.71627628168,130.084242105,0.00100795985629,7.62661938617,0.910343104489,0.13554283152
site-d-try-02,site-d,14,5,120.9375,45.5625,6.58459830797,129.488661051,0.00100795985629,7.66169790178,1.07709959381,0.163578633567
site-d-try-02,site-d,15,5,129.3125,45.5625,6.23466965859,128.544543028,0.00100795985629,7.71797059065,1.48330093205,0.237911711971
site-d-try-02,site-d,0,6,3.6875,53.9375,4.02420321117,177.686616421,0.00100795985629,5.5834424824,1.55923927123,0.387465341436
site-d-try-02,site-d,1,6,12.0625,53.9375,3.9829263314,176.787645102,0.00100795985629,5.61183448146,1.62890815006,0.408972703618
site-d-try-02,site-d,2,6,20.4375,53.9375,3.97833540905,175.719034195,0.00100795985629,5.64596207362,1.66762666457,0.419176990651
site-d-try-02,site-d,3,6,28.8125,53.9375,4.01069816052,174.858536243,0.00100795985629,5.67374646952,1.663048309,0.414653070972
site-d-try-02,site-d,4,6,37.1875,53.9375,4.07689450276,174.170820236,0.00100795985629,5.69614933966,1.61925483691,0.397178498441
site-d-try-02,site-d,5,6,45.5625,53.9375,4.16951689216,173.84774375,0.00100795985629,5.70673499281,1.53721810065,0.368680146983
site-d-try-02,site-d,6,6,53.9375,53.9375,4.27688842481,174.389083862,0.00100795985629,5.68902009635,1.41213167154,0.330177346538
site-d-try-02,site-d,7,6,62.3125,53.9375,4.38320601492,174.894932985,0.00100795985629,5.67256572699,1.28935971207,0.294159048806
site-d-try-02,site-d,8,6,70.6875,53.9375,4.49256649764,175.765377998,0.00100795985629,5.64447341095,1.15190691331,0.256402863245
site-d-try-02,site-d,9,6,79.0625,53.9375,4.50749451904,176.476756573,0.00100795985629,5.62172051405,1.114225995,0.247194087602
site-d-try-02,site-d,10,6,87.4375,53.9375,4.48986926335,177.796918631,0.00100795985629,5.57997860884,1.0901093455,0.242793115247
site-d-try-02,site-d,11,6,95.8125,53.9375,4.49161381872,178.628472567,0.00100795985629,5.554002609,1.06238879029,0.236527188927
site-d-try-02,site-d,12,6,104.1875,53.9375,4.51224624512,179.141081333,0.00100795985629,5.53810993712,1.025863692,0.227350999096
site-d-try-02,site-d,13,6,112.5625,53.9375,4.4660274909,178.458426714,0.00100795985629,5.55929479457,1.09326730367,0.24479636677
site-d-try-02,site-d,14,6,120.9375,53.9375,4.32960948609,178.173460722,0.00100795985629,5.56818618585,1.23857669976,0.28607122738
site-d-try-02,site-d,15,6,129.3125,53.9375,4.15065878961,177.672703981,0.00100795985629,5.58387968689,1.43322089728,0.345299618671
site-d-try-02,site-d,0,7,3.6875,62.3125,3.53555882673,211.911387682,0.00100795985629,4.68168800898,1.14612918225,0.324172001773
site-d-try-02,site-d,1,7,12.0625,62.3125,3.52429277098,211.739733458,0.00100795985629,4.68548338319,1.16119061222,0.329481881239
site-d-try-02,site-d,2,7,20.4375,62.3125,3.52301850545,211.172096491,0.00100795985629,4.69807810389,1.17505959845,0.333537730963
site-d-try-02,site-d,3,7,28.8125,62.3125,3.53189648537,210.67926693,0.00100795985629,4.70906804042,1.17717155505,0.333297297903
site-d-try-02,site-d,4,7,37.1875,62.3125,3.54974241679,209.846896648,0.00100795985629,4.72774684078,1.17800442399,0.331856311156
site-d-try-02,site-d,5,7,45.5625,62.3125,3.57400101245,209.405437231,0.00100795985629,4.73771367065,1.16371265819,0.325605016378
site-d-try-02,site-d,6,7,53.9375,62.3125,3.60118318834,209.462254286,0.00100795985629,4.73642855635,1.13524536801,0.315242326936
site-d-try-02,site-d,7,7,62.3125,62.3125,3.62718671919,210.096211195,0.00100795985629,4.72213657274,1.09494985355,0.301873032276
site-d-try-02,site-d,8,7,70.6875,62.3125,3.64792608098,210.87401557,0.00100795985629,4.70471907123,1.05679299024,0.289696931019
site-d-try-02,site-d,9,7,79.0625,62.3125,3.68246833375,211.557659388,0.00100795985629,4.68951587737,1.00704754362,0.273470795223
site-d-try-02,site-d,10,7,87.4375,62.3125,3.70614327646,212.048435926,0.00100795985629,4.67866220443,0.972518927965,0.262407266913
site-d-try-02,site-d,11,7,95.8125,62.3125,3.70948368084,212.506033897,0.00100795985629,4.66858744894,0.959103768094,0.258554518799
site-d-try-02,site-d,12,7,104.1875,62.3125,3.69192994201,212.573139906,0.00100795985629,4.66711364905,0.975183707041,0.264139277386
site-d-try-02,site-d,13,7,112.5625,62.3125,3.65656004263,212.829628944,0.00100795985629,4.66148913381,1.00492909118,0.274829096052
site-d-try-02,site-d,14,7,120.9375,62.3125,3.6096921184,212.997995138,0.00100795985629,4.65780441752,1.04811229912,0.290360580555
site-d-try-02,site-d,15,7,129.3125,62.3125,3.55895400749,212.543710232,0.00100795985629,4.66775987676,1.10880586927,0.311553862999
site-d-try-04,site-d,0,1,3.6875,12.0625,2.90118353462,92.3234972954,0.00100795985629,10.7459426012,7.84475906657,2.70398579509
site-d-try-04,site-d,9,1,79.0625,12.0625,2.69424657211,139.048195601,0.00100795985629,7.13495776333,4.44071119122,1.64822003939
site-d-try-04,site-d,10,1,87.4375,12.0625,2.41735018096,152.27749157,0.00100795985629,6.51509945726,4.09774927629,1.69514094754
site-d-try-04,site-d,11,1,95.8125,12.0625,2.07126253902,160.503929377,0.00100795985629,6.18117579134,4.10991325232,1.98425509799
site-d-try-04,site-d,12,1,104.1875,12.0625,1.90722200125,164.799859762,0.00100795985629,6.02004761478,4.11282561353,2.15644828491
site-d-try-04,site-d,13,1,112.5625,12.0625,1.85916907599,171.039096832,0.00100795985629,5.80044575218,3.94127667618,2.11991299074
site-d-try-04,site-d,14,1,120.9375,12.0625,1.95437571734,174.237512827,0.00100795985629,5.69396903446,3.73959331712,1.91344646986
site-d-try-04,site-d,15,1,129.3125,12.0625,2.2494213589,166.77035737,0.00100795985629,5.94891693177,3.69949557287,1.64464321379
site-d-try-04,site-d,0,2,3.6875,20.4375,3.64515127768,154.961212397,0.00100795985629,6.40226665327,2.75711537559,0.756378862099
site-d-try-04,site-d,9,2,79.0625,20.4375,3.45220751899,149.374513626,0.00100795985629,6.64171536759,3.1895078486,0.923903858922
site-d-try-04,site-d,10,2,87.4375,20.4375,2.64109077952,188.196854591,0.00100795985629,5.27162371991,2.6305329404,0.99600247019
site-d-try-04,site-d,11,2,95.8125,20.4375,2.0591451133,214.424614668,0.00100795985629,4.62681490282,2.56766978953,1.24695912539
site-d-try-04,site-d,12,2,104.1875,20.4375,1.78652408434,226.240518332,0.00100795985629,4.38516942055,2.59864533621,1.45458175402
site-d-try-04,site-d,13,2,112.5625,20.4375,1.71932159534,225.359733582,0.00100795985629,4.40230819814,2.6829866028,1.56049142294
site-d-try-04,site-d,14,2,120.9375,20.4375,1.85719820023,219.199606419,0.00100795985629,4.52602547462,2.66882727439,1.43701801674
site-d-try-04,site-d,15,2,129.3125,20.4375,2.35947243099,202.771716833,0.00100795985629,4.89270899399,2.53323656301,1.07364533264
site-d-try-04,site-d,0,3,3.6875,28.8125,11.9764856272,150.16870594,0.00100795985629,6.60658954517,5.369896082,0.448369934985
site-d-try-04,site-d,9,3,79.0625,28.8125,6.44435226666,126.474750996,0.00100795985629,7.84427717681,1.39992491014,0.217232834615
site-d-try-04,site-d,10,3,87.4375,28.8125,3.46849301873,188.002662897,0.00100795985629,5.27706888503,1.8085758663,0.521429870704
site-d-try-04,site-d,11,3,95.8125,28.8125,2.39790880497,231.99698019,0.00100795985629,4.27636170895,1.87845290398,0.783371285884
site-d-try-04,site-d,12,3,104.1875,28.8125,1.95689447547,250.763732195,0.00100795985629,3.95632571741,1.99943124194,1.02173687289
site-d-try-04,site-d,13,3,112.5625,28.8125,1.86281315491,248.775235176,0.00100795985629,3.98794921036,2.12513605545,1.14082083318
site-d-try-04,site-d,14,3,120.9375,28.8125,2.11085397947,236.246511936,0.00100795985629,4.19943979086,2.08858581139,0.989450635483
site-d-try-04,site-d,15,3,129.3125,28.8125,3.05289239896,208.982395649,0.00100795985629,4.74730419085,1.69441179189,0.555018510466
site-d-try-04,site-d,0,4,3.6875,37.1875,9.57298580458,126.681414604,0.00100795985629,7.83148029864,1.74150550594,0.18191873899
site-d-try-04,site-d,1,4,12.0625,37.1875,8.37181278874,104.732320428,0.00100795985629,9.47274918214,1.1009363934,0.131505137678
site-d-try-04,site-d,2,4,20.4375,37.1875,10.7076160859,79.385312438,0.00100795985629,12.4973118101,1.78969572419,0.167142313456
site-d-try-04,site-d,3,4,28.8125,37.1875,10.0940404057,73.2610565424,0.00100795985629,13.5420242282,3.44798382244,0.341586092769
site-d-try-04,site-d,4,4,37.1875,37.1875,9.58618621104,73.6648902893,0.00100795985629,13.4677863332,3.88160012219,0.404915994405
site-d-try-04,site-d,5,4,45.5625,37.1875,9.59270056649,75.3130518198,0.00100795985629,13.1730553829,3.58035481641,0.37323742064
site-d-try-04,site-d,6,4,53.9375,37.1875,9.59538613003,78.3125554323,0.00100795985629,12.6685050335,3.07311890342,0.3202704781
site-d-try-04,site-d,7,4,62.3125,37.1875,10.2972557242,80.6870998144,0.00100795985629,12.2956830145,1.99842729027,0.194073774974
site-d-try-04,site-d,8,4,70.6875,37.1875,8.3861933065,95.1648168564,0.00100795985629,10.4251028421,2.0389095356,0.243126942235
site-d-try-04,site-d,9,4,79.0625,37.1875,8.25982696674,125.841341853,0.00100795985629,7.88376051993,0.37606644681,0.0455295792908
site-d-try-04,site-d,10,4,87.4375,37.1875,5.03141353846,185.086814165,0.00100795985629,5.3602035734,0.328790034936,0.0653474480725
site-d-try-04,site-d,11,4,95.8125,37.1875,3.44238855608,238.813142538,0.00100795985629,4.1543065517,0.711917995614,0.206809308135
site-d-try-04,site-d,12,4,104.1875,37.1875,2.60089180114,263.486229897,0.00100795985629,3.76529355279,1.16440175165,0.44769326857
site-d-try-04,site-d,13,4,112.5625,37.1875,2.43723231713,261.960144043,0.00100795985629,3.78722880269,1.34999648556,0.553905541162
site-d-try-04,site-d,14,4,120.9375,37.1875,3.27541824966,236.847856045,0.00100795985629,4.1887776366,0.913359386939,0.278852750189
site-d-try-04,site-d,15,4,129.3125,37.1875,5.78726638418,187.60880971,0.00100795985629,5.28814720488,0.499119179301,0.0862443762162
site-d-try-04,site-d,0,5,3.6875,45.5625,3.42939563883,227.955140114,0.00100795985629,4.35218526848,0.922789629648,0.269082289369
site-d-try-04,site-d,1,5,12.0625,45.5625,3.7107104766,206.117337942,0.00100795985629,4.81329233427,1.10258185767,0.297134973106
site-d-try-04,site-d,2,5,20.4375,45.5625,3.91029357693,190.722992182,0.00100795985629,5.20180074425,1.29150716732,0.330283939533
site-d-try-04,site-d,3,5,28.8125,45.5625,3.89301362586,182.816591263,0.00100795985629,5.42676677113,1.53375314527,0.393975796819
site-d-try-04,site-d,4,5,37.1875,45.5625,3.88222388394,181.884103298,0.00100795985629,5.45458885459,1.57236497065,0.405016562067
site-d-try-04,site-d,5,5,45.5625,45.5625,3.80699482976,184.447133303,0.00100795985629,5.37879328842,1.57179845867,0.412871182903
site-d-try-04,site-d,6,5,53.9375,45.5625,3.39039387675,187.593901873,0.00100795985629,5.28856744688,1.89817357014,0.559868156663
site-d-try-04,site-d,7,5,62.3125,45.5625,2.70057621544,194.313171148,0.00100795985629,5.10569096688,2.40511475143,0.890593176998
site-d-try-04,site-d,8,5,70.6875,45.5625,2.87547784674,207.150090218,0.00100795985629,4.78929553753,1.91381769078,0.66556509658
site-d-try-04,site-d,9,5,79.0625,45.5625,3.36123444554,227.297023535,0.00100795985629,4.36478660058,1.00355215505,0.298566544914
site-d-try-04,site-d,10,5,87.4375,45.5625,3.36031753802,249.375301123,0.00100795985629,3.97835310157,0.618035563558,0.183921774227
site-d-try-04,site-d,11,5,95.8125,45.5625,3.35907906821,269.481524467,0.00100795985629,3.68152512362,0.322446055401,0.0959923981702
site-d-try-04,site-d,12,5,104.1875,45.5625,2.80965674546,280.677852154,0.00100795985629,3.53466793003,0.72501118457,0.258042618815
site-d-try-04,site-d,13,5,112.5625,45.5625,2.79828375272,279.758707523,0.00100795985629,3.54628104862,0.747997295906,0.267305735231
site-d-try-04,site-d,14,5,120.9375,45.5625,3.35728064384,270.170632362,0.00100795985629,3.6721348801,0.314854236261,0.0937825191464
site-d-try-04,site-d,15,5,129.3125,45.5625,3.35716768447,254.871257067,0.00100795985629,3.89256526646,0.535397581992,0.1594789514
site-d-try-04,site-d,0,6,3.6875,53.9375,2.24443147684,316.842790604,0.00100795985629,3.13121532855,0.886783851705,0.395103998877
site-d-try-04,site-d,1,6,12.0625,53.9375,2.3209408201,301.940376282,0.00100795985629,3.28575798605,0.964817165941,0.415700890597
site-d-try-04,site-d,2,6,20.4375,53.9375,2.38389183239,287.513113499,0.00100795985629,3.45063566181,1.06674382943,0.447479963198
site-d-try-04,site-d,3,6,28.8125,53.9375,2.42014286928,279.830931187,0.00100795985629,3.54536576236,1.12522289307,0.464940688979
site-d-try-04,site-d,4,6,37.1875,53.9375,2.42131000949,277.489598274,0.00100795985629,3.5752799703,1.15396996081,0.47658910106
site-d-try-04,site-d,5,6,45.5625,53.9375,2.38739904075,279.489220619,0.00100795985629,3.54970041592,1.16230137517,0.486848388282
site-d-try-04,site-d,6,6,53.9375,53.9375,2.24612256456,283.394883633,0.00100795985629,3.50077951288,1.25465694832,0.558587927531
site-d-try-04,site-d,7,6,62.3125,53.9375,2.12794943022,289.906513691,0.00100795985629,3.42214802298,1.29419859276,0.608190483469
site-d-try-04,site-d,8,6,70.6875,53.9375,2.24419913172,301.381419659,0.00100795985629,3.29185191244,1.04765278072,0.466827014549
site-d-try-04,site-d,9,6,79.0625,53.9375,2.24554493813,316.085784435,0.00100795985629,3.13871439821,0.893169460087,0.397751763914
site-d-try-04,site-d,10,6,87.4375,53.9375,2.24524726268,330.526526928,0.00100795985629,3.00158360026,0.756336337578,0.336861044282
site-d-try-04,site-d,11,6,95.8125,53.9375,2.24497917054,340.794150829,0.00100795985629,2.91115032421,0.666171153676,0.296738233663
site-d-try-04,site-d,12,6,104.1875,53.9375,2.24459809415,347.938127995,0.00100795985629,2.85137765267,0.606779558529,0.270328821944
site-d-try-04,site-d,13,6,112.5625,53.9375,2.2443004432,349.798717022,0.00100795985629,2.83621109627,0.591910653065,0.263739489451
site-d-try-04,site-d,14,6,120.9375,53.9375,2.2441814353,346.959912777,0.00100795985629,2.85941679757,0.615235362264,0.274146890525
site-d-try-04,site-d,15,6,129.3125,53.9375,2.2442767217,338.311199665,0.00100795985629,2.93251599019,0.68823926849,0.306664174625
site-d-try-04,site-d,0,7,3.6875,62.3125,1.90311325743,384.796182156,0.00100795985629,2.57825583695,0.675142579511,0.354756910485
site-d-try-04,site-d,1,7,12.0625,62.3125,1.9031311425,374.744548321,0.00100795985629,2.64741143566,0.744280293163,0.39108197882
site-d-try-04,site-d,2,7,20.4375,62.3125,1.91343849609,366.991206169,0.00100795985629,2.7033427123,0.789904216212,0.412819235019
site-d-try-04,site-d,3,7,28.8125,62.3125,1.92148297144,361.709982395,0.00100795985629,2.74281344437,0.821330472928,0.427446136726
site-d-try-04,site-d,4,7,37.1875,62.3125,1.92172112888,358.528831959,0.00100795985629,2.76714984749,0.845428718614,0.43993309222
site-d-try-04,site-d,5,7,45.5625,62.3125,1.91420062618,358.05113554,0.00100795985629,2.77084165976,0.856641033575,0.447518939164
site-d-try-04,site-d,6,7,53.9375,62.3125,1.9034527042,360.108354092,0.00100795985629,2.75501246057,0.851559756373,0.447376367427
site-d-try-04,site-d,7,7,62.3125,62.3125,1.90345872837,365.606816769,0.00100795985629,2.71357906137,0.810120332999,0.42560435954
site-d-try-04,site-d,8,7,70.6875,62.3125,1.9034348191,374.151596069,0.00100795985629,2.65160703068,0.748172211582,0.393064266807
site-d-try-04,site-d,9,7,79.0625,62.3125,1.90334557977,383.794520855,0.00100795985629,2.58498479985,0.681639220079,0.35812688317
site-d-try-04,site-d,10,7,87.4375,62.3125,1.90329192354,393.397277832,0.00100795985629,2.52188578463,0.618593861094,0.325012602347
site-d-try-04,site-d,11,7,95.8125,62.3125,1.90319082484,400.313775539,0.00100795985629,2.47831342137,0.575122596524,0.302188613468
site-d-try-04,site-d,12,7,104.1875,62.3125,1.90314902853,405.230214596,0.00100795985629,2.44824538483,0.545096356303,0.286418114469
site-d-try-04,site-d,13,7,112.5625,62.3125,1.90308351141,407.536186218,0.00100795985629,2.43439242018,0.531308908764,0.279183181178
site-d-try-04,site-d,14,7,120.9375,62.3125,1.90303588001,405.86917448,0.00100795985629,2.44439111186,0.541355231846,0.284469272246
site-d-try-04,site-d,15,7,129.3125,62.3125,1.90303587991,399.149246693,0.00100795985629,2.48554396857,0.582508088667,0.306094117729
site-d-try-05,site-d,0,1,3.6875,12.0625,6.21229869959,30.5961592793,0.00100795985629,32.4257366299,26.2134379303,4.21960359569
site-d-try-05,site-d,1,1,12.0625,12.0625,7.02792352495,11.8261717558,0.00100795985629,83.8904611876,76.8625376627,10.9367350669
site-d-try-05,site-d,12,1,104.1875,12.0625,7.74381517163,25.5474929512,0.00100795985629,38.8336736045,31.0898584328,4.0147986159
site-d-try-05,site-d,13,1,112.5625,12.0625,6.43112097867,33.6239947677,0.00100795985629,29.5058041001,23.0746831214,3.58797217436
site-d-try-05,site-d,14,1,120.9375,12.0625,6.10647517061,36.8914543986,0.00100795985629,26.8924882158,20.7860130451,3.40392983913
site-d-try-05,site-d,15,1,129.3125,12.0625,6.03456277488,39.6711947918,0.00100795985629,25.0081452773,18.9735825024,3.14415198088
site-d-try-05,site-d,0,2,3.6875,20.4375,6.66193005181,78.7848041058,0.00100795985629,12.592567995,5.93063794323,0.890228191696
site-d-try-05,site-d,1,2,12.0625,20.4375,7.75424791384,68.0921429396,0.00100795985629,14.57000705,6.81575913613,0.878971012001
site-d-try-05,site-d,2,2,20.4375,20.4375,10.4313986094,51.9105440974,0.00100795985629,19.1117820074,8.68038339799,0.832139938563
site-d-try-05,site-d,12,2,104.1875,20.4375,8.74225485706,67.7749308348,0.00100795985629,14.6382001495,5.89594529243,0.674419287567
site-d-try-05,site-d,13,2,112.5625,20.4375,6.68438986848,77.8054500818,0.00100795985629,12.7510733713,6.06668350278,0.907589716063
site-d-try-05,site-d,14,2,120.9375,20.4375,6.02928124194,83.0493830442,0.00100795985629,11.9459406718,5.91665942987,0.981320856077
site-d-try-05,site-d,15,2,129.3125,20.4375,5.87884045237,85.1333116293,0.00100795985629,11.6535229711,5.77468251872,0.982282571793
site-d-try-05,site-d,0,3,3.6875,28.8125,5.94987773582,96.5549850464,0.00100795985629,10.2750055028,4.32512776701,0.726927167087
site-d-try-05,site-d,1,3,12.0625,28.8125,8.03084644288,85.2711094618,0.00100795985629,11.6346909163,3.60384447341,0.448750265498
site-d-try-05,site-d,2,3,20.4375,28.8125,14.4572335786,62.4732281566,0.00100795985629,15.8804504258,1.42321684719,0.0984432353159
site-d-try-05,site-d,12,3,104.1875,28.8125,15.7312942801,80.5375511646,0.00100795985629,12.3185146349,3.41277964522,0.216942076377
site-d-try-05,site-d,13,3,112.5625,28.8125,6.22728623771,94.9714792967,0.00100795985629,10.4463256761,4.21903943842,0.677508512916
site-d-try-05,site-d,14,3,120.9375,28.8125,5.38008526598,101.270284414,0.00100795985629,9.79658552768,4.4165002617,0.820897819154
site-d-try-05,site-d,15,3,129.3125,28.8125,5.2374571489,102.406338453,0.00100795985629,9.68790621422,4.45044906532,0.849734697352
site-d-try-05,site-d,0,4,3.6875,37.1875,7.19859723866,108.235907197,0.00100795985629,9.16611712665,1.967519888,0.273319901471
site-d-try-05,site-d,1,4,12.0625,37.1875,8.14493493162,102.425550818,0.00100795985629,9.68608901538,1.54115408377,0.189216254851
site-d-try-05,site-d,2,4,20.4375,37.1875,13.0249969354,77.8223741055,0.00100795985629,12.7483003967,0.276696538749,0.0212435012554
site-d-try-05,site-d,3,4,28.8125,37.1875,16.192293333,71.2088185549,0.00100795985629,13.9323053354,2.25998799765,0.13957182909
site-d-try-05,site-d,4,4,37.1875,37.1875,13.8640451751,69.790538311,0.00100795985629,14.2154370304,0.351391855288,0.0253455503679
site-d-try-05,site-d,5,4,45.5625,37.1875,15.8471337264,65.2520324588,0.00100795985629,15.2041701276,0.642963598744,0.040572863828
site-d-try-05,site-d,6,4,53.9375,37.1875,17.2776201444,59.7195028663,0.00100795985629,16.6127136875,0.664906456934,0.0384836830174
site-d-try-05,site-d,7,4,62.3125,37.1875,16.9815327967,57.1329316497,0.00100795985629,17.3648187487,0.383285951953,0.022570751212
site-d-try-05,site-d,8,4,70.6875,37.1875,5.38913607629,136.190573335,0.00100795985629,7.28466720115,1.89553112486,0.351731909906
site-d-try-05,site-d,9,4,79.0625,37.1875,6.63443798648,139.043021917,0.00100795985629,7.13522324958,0.500785263107,0.0754826956146
site-d-try-05,site-d,10,4,87.4375,37.1875,15.5363262016,83.5563799143,0.00100795985629,11.8734560269,3.66287017476,0.23576166767
site-d-try-05,site-d,11,4,95.8125,37.1875,14.9279552204,83.8342382908,0.00100795985629,11.8341029024,3.09385231801,0.207252250715
site-d-try-05,site-d,12,4,104.1875,37.1875,15.0565432118,91.8898659945,0.00100795985629,10.7966530579,4.25989015393,0.282926173293
site-d-try-05,site-d,13,4,112.5625,37.1875,6.56815202826,103.291742563,0.00100795985629,9.60486267399,3.03671064573,0.462338665833
site-d-try-05,site-d,14,4,120.9375,37.1875,6.30816018172,110.864987016,0.00100795985629,8.94874955009,2.64058936836,0.418598972172
site-d-try-05,site-d,15,4,129.3125,37.1875,6.33866504082,112.863421321,0.00100795985629,8.79029707824,2.45163203741,0.38677419009
site-d-try-05,site-d,0,5,3.6875,45.5625,5.19518617087,155.027697325,0.00100795985629,6.39952098752,1.20433481665,0.231817451202
site-d-try-05,site-d,1,5,12.0625,45.5625,5.44852057913,150.394103527,0.00100795985629,6.59668816403,1.1481675849,0.210730154769
site-d-try-05,site-d,2,5,20.4375,45.5625,5.52776895221,145.140467882,0.00100795985629,6.83546785506,1.30769890286,0.236569023446
site-d-try-05,site-d,3,5,28.8125,45.5625,5.50879186486,142.283802986,0.00100795985629,6.97270512775,1.46391326289,0.265741254852
site-d-try-05,site-d,4,5,37.1875,45.5625,5.28816553809,140.530785084,0.00100795985629,7.05968448184,1.77151894375,0.334996877649
site-d-try-05,site-d,5,5,45.5625,45.5625,5.06925437519,140.455331087,0.00100795985629,7.06347701435,1.99422263916,0.393395653791
site-d-try-05,site-d,6,5,53.9375,45.5625,4.96210876156,141.523160458,0.00100795985629,7.01018122736,2.04807246581,0.412742356975
site-d-try-05,site-d,7,5,62.3125,45.5625,5.0130317754,141.874790907,0.00100795985629,6.99280680053,1.97977502513,0.394925688451
site-d-try-05,site-d,8,5,70.6875,45.5625,5.25564800677,169.570979357,0.00100795985629,5.85066505153,0.595017044768,0.113214782269
site-d-try-05,site-d,9,5,79.0625,45.5625,4.9264414014,156.60918355,0.00100795985629,6.33489671671,1.40845531531,0.285897101082
site-d-try-05,site-d,10,5,87.4375,45.5625,5.573809229,146.562893629,0.00100795985629,6.76912810679,1.19531887779,0.214452778824
site-d-try-05,site-d,11,5,95.8125,45.5625,5.53853456941,147.944350719,0.00100795985629,6.70592015074,1.16738558133,0.210775172872
site-d-try-05,site-d,12,5,104.1875,45.5625,5.51241805698,150.192582607,0.00100795985629,6.60553927135,1.09312121437,0.198301580735
site-d-try-05,site-d,13,5,112.5625,45.5625,5.43537288319,151.952938557,0.00100795985629,6.52901491804,1.09364203485,0.20120828108
site-d-try-05,site-d,14,5,120.9375,45.5625,5.31797978558,153.767814636,0.00100795985629,6.45195488421,1.13397509863,0.213234187484
site-d-try-05,site-d,15,5,129.3125,45.5625,5.22026643681,156.121195555,0.00100795985629,6.35469770233,1.13443126552,0.217312905242
site-d-try-05,site-d,0,6,3.6875,53.9375,3.66036511418,204.565473557,0.00100795985629,4.84980669235,1.18944157816,0.324951621234
site-d-try-05,site-d,1,6,12.0625,53.9375,3.67677562282,201.708868504,0.00100795985629,4.91848975227,1.24171412945,0.33771822293
site-d-try-05,site-d,2,6,20.4375,53.9375,3.67135100588,198.61499095,0.00100795985629,4.9951063509,1.32375534503,0.360563548107
site-d-try-05,site-d,3,6,28.8125,53.9375,3.61490848864,195.765010595,0.00100795985629,5.0678259596,1.45291747097,0.401923721039
site-d-try-05,site-d,4,6,37.1875,53.9375,3.5577629554,194.112227917,0.00100795985629,5.11097633222,1.55321337682,0.43657022581
site-d-try-05,site-d,5,6,45.5625,53.9375,3.54755086539,194.260931969,0.00100795985629,5.10706395065,1.55951308526,0.439602741281
site-d-try-05,site-d,6,6,53.9375,53.9375,3.5542497457,195.634555578,0.00100795985629,5.07120533867,1.51695559297,0.426800506859
site-d-try-05,site-d,7,6,62.3125,53.9375,3.60096891705,197.759788513,0.00100795985629,5.01670744157,1.41573852452,0.393154886125
site-d-try-05,site-d,8,6,70.6875,53.9375,3.68315289509,198.892404556,0.00100795985629,4.98813921472,1.30498631963,0.354312285369
site-d-try-05,site-d,9,6,79.0625,53.9375,3.79235259951,198.938396215,0.00100795985629,4.9869860296,1.19463343009,0.315011170175
site-d-try-05,site-d,10,6,87.4375,53.9375,3.84020294906,199.79408741,0.00100795985629,4.96562743942,1.12542449036,0.293063805558
site-d-try-05,site-d,11,6,95.8125,53.9375,3.79644910616,201.287506342,0.00100795985629,4.92878579852,1.13233669236,0.2982620498
site-d-try-05,site-d,12,6,104.1875,53.9375,3.75051013985,202.789144754,0.00100795985629,4.89228850922,1.14177836938,0.304432817617
site-d-try-05,site-d,13,6,112.5625,53.9375,3.70904311048,204.447458744,0.00100795985629,4.85260618436,1.14356307387,0.30831754709
site-d-try-05,site-d,14,6,120.9375,53.9375,3.67793087911,206.016837358,0.00100795985629,4.81564038842,1.1377095093,0.309334119291
site-d-try-05,site-d,15,6,129.3125,53.9375,3.66152601664,206.349824905,0.00100795985629,4.80786937005,1.14634335341,0.313078030362
site-d-try-05,site-d,0,7,3.6875,62.3125,3.17043422747,239.70261693,0.00100795985629,4.13889099495,0.968456767478,0.305465024029
site-d-try-05,site-d,1,7,12.0625,62.3125,3.17484648386,238.137964249,0.00100795985629,4.16608500794,0.991238524075,0.312216206079
site-d-try-05,site-d,2,7,20.4375,62.3125,3.17227425821,235.965750933,0.00100795985629,4.20443644366,1.03216218545,0.325369782508
site-d-try-05,site-d,3,7,28.8125,62.3125,3.15411295706,233.830952644,0.00100795985629,4.24282154034,1.08870858327,0.34517108236
site-d-try-05,site-d,4,7,37.1875,62.3125,3.14296004796,232.279918671,0.00100795985629,4.27115270384,1.12819265588,0.358958637293
site-d-try-05,site-d,5,7,45.5625,62.3125,3.14038782322,232.55155468,0.00100795985629,4.26616370741,1.12577588419,0.358483075201
site-d-try-05,site-d,6,7,53.9375,62.3125,3.1467114644,233.804680347,0.00100795985629,4.24329830011,1.09658683571,0.348486617892
site-d-try-05,site-d,7,7,62.3125,62.3125,3.1611034639,235.019159555,0.00100795985629,4.22137073656,1.06026727265,0.335410493443
site-d-try-05,site-d,8,7,70.6875,62.3125,3.18155720214,235.170819283,0.00100795985629,4.21864840929,1.03709120715,0.325969687564
site-d-try-05,site-d,9,7,79.0625,62.3125,3.20507757886,235.865640163,0.00100795985629,4.2062209739,1.00114339503,0.312361673126
site-d-try-05,site-d,10,7,87.4375,62.3125,3.21589083006,237.109597445,0.00100795985629,4.1841537136,0.968262883539,0.301086987932
site-d-try-05,site-d,11,7,95.8125,62.3125,3.20503578259,238.199093342,0.00100795985629,4.1650158645,0.959980081902,0.299522422531
site-d-try-05,site-d,12,7,104.1875,62.3125,3.19339486295,238.835697651,0.00100795985629,4.15391422821,0.960519365263,0.300783149747
site-d-try-05,site-d,13,7,112.5625,62.3125,3.18277797478,240.03517437,0.00100795985629,4.13315675622,0.950378781438,0.298600401589
site-d-try-05,site-d,14,7,120.9375,62.3125,3.17468567911,241.205123425,0.00100795985629,4.11310916033,0.938423481221,0.295595714371
site-d-try-05,site-d,15,7,129.3125,62.3125,3.17039262213,241.136945248,0.00100795985629,4.11427208576,0.943879463626,0.297716900121
